nu_cm,R_pct
400.1569,36.2655240895888
400.639,35.73047491693785
401.1211,35.13036198108523
401.6032,34.60847658054038
402.0853,34.17322794764246
402.5674,33.681423957372026
403.0496,33.18195574039273
403.5317,32.73371976187927
404.0138,32.33239281283225
404.4959,31.978849826207636
404.978,31.675002138190532
405.4601,31.419460821375683
405.9423,31.212942548324783
406.4244,31.053609129623325
406.9065,30.94141022321022
407.3886,30.876243974586924
407.8707,30.844472630851964
408.3528,30.828141555308918
408.835,30.816802508032872
409.3171,30.79933557560862
409.7992,30.762821024050503
410.2813,30.69807057025883
410.7634,30.591064487735153
411.2455,30.42946589304113
411.7277,30.21858654254047
412.2098,29.968888214804963
412.6919,29.689997856893346
413.174,29.394269123217253
413.6561,29.088242186429884
414.1382,28.77620294229339
414.6204,28.46792799565231
415.1025,28.172506339948786
415.5846,27.895105565916758
416.0667,27.64018407121193
416.5488,27.40857592766715
417.0309,27.200035872908312
417.5131,27.017784212643218
417.9952,26.863641133414546
418.4773,26.74076130155565
418.9594,26.651435803391273
419.4415,26.58810109505196
419.9236,26.54096764813456
420.4058,26.50094395713425
420.8879,26.45824717767151
421.37,26.409405863429818
421.8521,26.35377565544142
422.3342,26.28789877528897
422.8163,26.20940827954349
423.2985,26.118791771620476
423.7806,26.017429131263
424.2627,25.908167958507725
424.7448,25.79439447653871
425.2269,25.678498810595464
425.709,25.56292206103275
426.1912,25.44893111668549
426.6733,25.33770969189502
427.1554,25.23205069035943
427.6375,25.133621319418406
428.1196,25.045414558584675
428.6017,24.970237567529765
429.0839,24.90336730433571
429.566,24.837922461568667
430.0481,24.770053883318084
430.5302,24.69541331923263
431.0123,24.610630260050005
431.4944,24.514927394097544
431.9766,24.404463638691077
432.4587,24.275757441100787
432.9408,24.135183055346165
433.4229,23.992013851162003
433.905,23.85164026002503
434.3871,23.720724297267484
434.8693,23.60542614370738
435.3514,23.508886731494197
435.8335,23.4401818850264
436.3156,23.407697375657705
436.7977,23.40570353934929
437.2798,23.425584031622265
437.762,23.459685275160993
438.2441,23.498630525660616
438.7262,23.54125940007165
439.2083,23.589945138141232
439.6904,23.640344356288256
440.1725,23.688983319037185
440.6547,23.737997041096285
441.1368,23.78918071485348
441.6189,23.8478276067344
442.101,23.919665976741662
442.5831,24.000513553416624
443.0652,24.08412836785542
443.5474,24.165786783224963
444.0295,24.240233452158147
444.5116,24.307019202400465
444.9937,24.36758045384134
445.4758,24.42137658350107
445.9579,24.468269474163744
446.4401,24.508749078689906
446.9222,24.543431268412686
447.4043,24.573360997470882
447.8864,24.59990818255966
448.3685,24.624506392940493
448.8506,24.64848560491538
449.3328,24.673640524946524
449.8149,24.701739635350577
450.297,24.733313762117657
450.7791,24.76850626811285
451.2612,24.807666215314217
451.7433,24.850900076798276
452.2255,24.898448240559116
452.7076,24.950630954984337
453.1897,25.007169787895606
453.6718,25.067743162887602
454.1539,25.132528976463362
454.636,25.201657096753404
455.1182,25.275499402452407
455.6003,25.354397127063745
456.0824,25.437832687763546
456.5645,25.52519409283905
457.0466,25.615732422835244
457.5287,25.708566676971884
458.0109,25.8038291745016
458.493,25.90189410311076
458.9751,26.00248199286651
459.4572,26.105302430351685
459.9393,26.20995290105051
460.4214,26.31558417607034
460.9036,26.42184257419395
461.3857,26.52839314364129
461.8678,26.63322902336016
462.3499,26.73398487021849
462.832,26.829278634855008
463.3141,26.917575403292947
463.7963,26.997806856345363
464.2784,27.06962819411652
464.7605,27.131120686999697
465.2426,27.181349340157748
465.7247,27.221931625456758
466.2068,27.25484799734017
466.689,27.286202305568175
467.1711,27.321900934381844
467.6532,27.363001614795248
468.1353,27.4117501670345
468.6174,27.464472919496615
469.0995,27.517249802085715
469.5817,27.580964797551957
470.0638,27.66729748158544
470.5459,27.787260481408943
471.028,27.95219936566931
471.5101,28.155750084239628
471.9922,28.384607361532645
472.4744,28.634200235481103
472.9565,28.897821668790886
473.4386,29.16401547312288
473.9207,29.423638338633456
474.4028,29.66126753354763
474.8849,29.861738504231095
475.3671,30.027769721293858
475.8492,30.167151126528932
476.3313,30.285002333092578
476.8134,30.388655915530176
477.2955,30.48163263673123
477.7776,30.565539186333698
478.2598,30.646365703294286
478.7419,30.730084798238536
479.224,30.81851815989588
479.7061,30.912321533841276
480.1882,31.012223713486424
480.6703,31.118147450163693
481.1525,31.22980250671935
481.6346,31.346575349360375
482.1167,31.467358459893756
482.5988,31.59075993174646
483.0809,31.715156118573077
483.563,31.83916957629252
484.0452,31.961243367051054
484.5273,32.079806177089196
485.0094,32.19520606214354
485.4915,32.30878542391973
485.9736,32.42033620950217
486.4557,32.52991983696498
486.9379,32.63960568033393
487.42,32.751206497155316
487.9021,32.867138770755126
488.3842,32.98994725314733
488.8663,33.11802635130062
489.3484,33.24819780375573
489.8306,33.37950282827823
490.3127,33.510598765665605
490.7948,33.638683161167734
491.2769,33.76164496869226
491.759,33.87627658669184
492.2411,33.979310696715665
492.7233,34.072556221495475
493.2054,34.15966444732973
493.6875,34.241787332705506
494.1696,34.32066774913649
494.6517,34.39947561668694
495.1339,34.480454100649474
495.616,34.56774413796977
496.0981,34.66547153691548
496.5802,34.77130116419769
497.0623,34.88096111233398
497.5444,34.992283843995025
498.0266,35.102301081906205
498.5087,35.208448153830595
498.9908,35.3094105560701
499.4729,35.40108409263267
499.955,35.479617207322974
500.4371,35.54675246551982
500.9193,35.60539674502077
501.4014,35.65845391721416
501.8835,35.709503063546364
502.3656,35.75895819651427
502.8477,35.80626197434581
503.3298,35.85265633454766
503.812,35.89905448941275
504.2941,35.94614394125969
504.7762,35.99489355082605
505.2583,36.044513783752095
505.7404,36.09413049660451
506.2225,36.14475006980326
506.7047,36.1970753383152
507.1868,36.25282774663139
507.6689,36.31358602532897
508.151,36.37691457846769
508.6331,36.43960410958971
509.1152,36.49850506402416
509.5974,36.55038002366156
510.0795,36.59486973725424
510.5616,36.632615785170586
511.0437,36.66408594459957
511.5258,36.68994954808287
512.0079,36.7104009122966
512.4901,36.72595084314291
512.9722,36.73623574520352
513.4543,36.741110481834546
513.9364,36.74307482702881
514.4185,36.74467960054133
514.9006,36.7490471380542
515.3828,36.75933676450505
515.8649,36.7745055973687
516.347,36.79220291703717
516.8291,36.81129282273546
517.3112,36.83021953716405
517.7933,36.84789738720775
518.2755,36.86388446867921
518.7576,36.87657792250556
519.2397,36.884359291154645
519.7218,36.8878375418032
520.2039,36.88825098114132
520.686,36.88604224046122
521.1682,36.881979696848724
521.6503,36.87684480420203
522.1324,36.87093953131415
522.6145,36.865807644705654
523.0966,36.86290408494337
523.5787,36.86112434907918
524.0609,36.85890203650996
524.543,36.854642614169165
525.0251,36.846530868549934
525.5072,36.834505983781305
525.9893,36.819062382349856
526.4714,36.80001591013093
526.9536,36.77734843966853
527.4357,36.75099105668787
527.9178,36.720775999672746
528.3999,36.68705344643686
528.882,36.65024273007008
529.3641,36.61037864861944
529.8463,36.567546807377724
530.3284,36.52171711470996
530.8105,36.47289776692974
531.2926,36.421695997732705
531.7747,36.368837116850194
532.2568,36.31510492825238
532.739,36.26126538768655
533.2211,36.20760826786149
533.7032,36.15430982013354
534.1853,36.1013439427558
534.6674,36.04861071277929
535.1495,35.99643942969925
535.6317,35.945096649284366
536.1138,35.8948876297943
536.5959,35.84600518906496
537.078,35.79780642062315
537.5601,35.74938977692697
538.0422,35.699771190704
538.5244,35.64793454088939
539.0065,35.59325778548335
539.4886,35.535116784339195
539.9707,35.47323919676354
540.4528,35.407581222042516
540.9349,35.33719648706836
541.4171,35.261269156758665
541.8992,35.17980064583478
542.3813,35.09271447198903
542.8634,35.001215789537255
543.3455,34.9076101445981
543.8276,34.81171679024675
544.3098,34.7135909029669
544.7919,34.616934372110805
545.274,34.52512246370378
545.7561,34.44258834773949
546.2382,34.373781736555955
546.7203,34.31623630516168
547.2025,34.265301681141985
547.6846,34.21863021546774
548.1667,34.173094595162205
548.6488,34.12597884741874
549.1309,34.07578003795385
549.613,34.018433637916466
550.0952,33.950073617168464
550.5773,33.87199138777392
551.0594,33.78667414926395
551.5415,33.696312252381546
552.0236,33.60377268862179
552.5057,33.509721618818524
552.9879,33.41398398516903
553.47,33.31815750747588
553.9521,33.22370011829745
554.4342,33.1309125689584
554.9163,33.0400982764189
555.3984,32.950821828013275
555.8806,32.862467940179585
556.3627,32.77599102127907
556.8448,32.69251173243851
557.3269,32.61292513615395
557.809,32.53812882556809
558.2911,32.46775094673696
558.7733,32.40098363627492
559.2554,32.33744411254419
559.7375,32.27659108433966
560.2196,32.218026632986295
560.7017,32.16153846490106
561.1838,32.10636786639313
561.666,32.05179586192098
562.1481,31.997818871281154
562.6302,31.944482251889575
563.1123,31.892114082239924
563.5944,31.841139096144797
564.0765,31.7910705344788
564.5587,31.741308618894962
565.0408,31.691507352813424
565.5229,31.64127985462264
566.005,31.590929763983254
566.4871,31.541110766296004
566.9692,31.491872091440605
567.4514,31.443334169837257
567.9335,31.396203591408074
568.4156,31.351073618162747
568.8977,31.308812184738077
569.3798,31.270297652245585
569.8619,31.235070293187732
570.3441,31.202248484867265
570.8262,31.17142729346929
571.3083,31.142053222170794
571.7904,31.113593138976995
572.2725,31.085757518003042
572.7546,31.057759710050103
573.2368,31.02885458244924
573.7189,30.9994167597913
574.201,30.9701024514807
574.6831,30.9414511814521
575.1652,30.914146359901967
575.6473,30.888489974868406
576.1295,30.864604329716656
576.6116,30.84298065233061
577.0937,30.82408215380068
577.5758,30.80801230720079
578.0579,30.79481841623637
578.54,30.784464584754392
579.0222,30.77686331942957
579.5043,30.772167942492104
579.9864,30.770572108828368
580.4685,30.772208159037955
580.9506,30.77719658690574
581.4327,30.785540258385147
581.9149,30.797219914821994
582.397,30.812183030598533
582.8791,30.83034810640013
583.3612,30.851799342706915
583.8433,30.87663920276284
584.3254,30.90484942804574
584.8076,30.93642104032158
585.2897,30.97124769722519
585.7718,31.009099840873013
586.2539,31.049984297268306
586.736,31.09391055517448
587.2181,31.14043389505832
587.7003,31.189091903145993
588.1824,31.239522720228273
588.6645,31.29132867801599
589.1466,31.344608725423665
589.6287,31.399763875841536
590.1108,31.456676107038582
590.593,31.515260223806262
591.0751,31.576174066809433
591.5572,31.640040581455818
592.0393,31.707462193371143
592.5214,31.779113288058916
593.0035,31.854540860465747
593.4857,31.93274305011564
593.9678,32.01368816694291
594.4499,32.09724072241446
594.932,32.1821984981388
595.4141,32.2675443691034
595.8962,32.3519439340702
596.3784,32.434003862467556
596.8605,32.51464074771989
597.3426,32.595621280496665
597.8247,32.677459994740644
598.3068,32.76092255018026
598.7889,32.847462783145296
599.2711,32.93808052264718
599.7532,33.03470226763418
600.2353,33.139203963863665
600.7174,33.25036159173277
601.1995,33.36605908368418
601.6816,33.48495851145722
602.1638,33.60534078341051
602.6459,33.72599012566023
603.128,33.84624947026713
603.6101,33.96426656982791
604.0922,34.078308569016194
604.5743,34.188665412789355
605.0565,34.29603992475437
605.5386,34.40127538797114
606.0207,34.50548503851626
606.5028,34.60859878537956
606.9849,34.710258744982156
607.467,34.810675118238905
607.9492,34.910007283534476
608.4313,35.00861599742368
608.9134,35.10699486837848
609.3955,35.20521070882607
609.8776,35.30337748485186
610.3597,35.40180813384554
610.8419,35.50070872434846
611.324,35.60083023088054
611.8061,35.70275052696352
612.2882,35.80618916903002
612.7703,35.91087566835668
613.2524,36.01549533495275
613.7346,36.11877419753063
614.2167,36.22132965903473
614.6988,36.32374997629219
615.1809,36.427556844496294
615.663,36.534220817805846
616.1451,36.641907931526696
616.6273,36.748278579039344
617.1094,36.850800805343646
617.5915,36.946887705568784
618.0736,37.036962467426484
618.5557,37.122260857130925
619.0378,37.20381575938009
619.52,37.28284708739096
620.0021,37.359225103434134
620.4842,37.432611898065886
620.9663,37.50263918868046
621.4484,37.569012750079786
621.9305,37.63283469194229
622.4127,37.69535877381811
622.8948,37.7581018374943
623.3769,37.822552214781076
623.859,37.88832810791498
624.3411,37.95461470551563
624.8232,38.02064430937105
625.3054,38.08545185241168
625.7875,38.149254651088555
626.2696,38.212542991171595
626.7517,38.27524648311833
627.2338,38.337352750727625
627.7159,38.39843309425148
628.1981,38.45775048265184
628.6802,38.51524392781482
629.1623,38.57082339335494
629.6444,38.623640271750475
630.1265,38.67294065439419
630.6086,38.71773401840259
631.0908,38.75703930259401
631.5729,38.791333936488336
632.055,38.8215421046496
632.5371,38.848162032477916
633.0192,38.871874486725176
633.5013,38.89317863930796
633.9835,38.91232047874155
634.4656,38.93015204352492
634.9477,38.94748269134195
635.4298,38.964123300420496
635.9119,38.97972346701215
636.394,38.99384521873297
636.8762,39.0059117408413
637.3583,39.01611078887971
637.8404,39.02482232882396
638.3225,39.031982401092904
638.8046,39.037586486393096
639.2867,39.041553888714155
639.7689,39.04359932430219
640.251,39.0439647684025
640.7331,39.042908586048924
641.2152,39.039816229616314
641.6973,39.03406233888137
642.1794,39.025072454786546
642.6616,39.012216012618914
643.1437,38.99595884741661
643.6258,38.977239546704205
644.1079,38.95620851677109
644.59,38.9331315374407
645.0721,38.908925295069416
645.5543,38.88431263742615
646.0364,38.860455775602844
646.5185,38.838501130292336
647.0006,38.81778704567668
647.4827,38.79708211579691
647.9648,38.77566825478871
648.447,38.75267700002082
648.9291,38.727310588526315
649.4112,38.69905791938105
649.8933,38.667139988699034
650.3754,38.63077200327254
650.8575,38.5902444865301
651.3397,38.5463464535148
651.8218,38.49908177614883
652.3039,38.44870865477546
652.786,38.396392588457296
653.2681,38.34314079220479
653.7502,38.29083661524402
654.2324,38.241394660638214
654.7145,38.19427994420186
655.1966,38.14849688222897
655.6787,38.10333316384642
656.1608,38.05776612318031
656.6429,38.012329978716764
657.125,37.96813992192128
657.6072,37.92484480217506
658.0892,37.882309965223136
658.5714,37.84114939380047
659.0535,37.801486491377105
659.5356,37.76509279545651
660.0177,37.73393107865006
660.4999,37.706215625044656
660.9819,37.67983360522945
661.4641,37.6536211758805
661.9462,37.6260411073983
662.4283,37.59891999357215
662.9104,37.576026375058525
663.3926,37.55717321629428
663.8746,37.54237302441973
664.3568,37.53640762309111
664.8389,37.54343094527486
665.321,37.568390896233325
665.8031,37.61647058925147
666.2853,37.68368077450042
666.7673,37.762559028467294
667.2495,37.850972028984025
667.7316,37.945588481435514
668.2137,38.040003071672665
668.6958,38.12965218527217
669.178,38.20514360289788
669.66,38.257413916484985
670.1422,38.291003920146856
670.6243,38.3137099968892
671.1064,38.331921827966575
671.5885,38.35336435922438
672.0707,38.37994710014488
672.5527,38.41110783058029
673.0349,38.44988986592453
673.517,38.49894627477138
673.9991,38.55806216763903
674.4812,38.62640561232302
674.9634,38.7030107939824
675.4454,38.786268989009045
675.9276,38.875211241616604
676.4097,38.96937223106442
676.8918,39.066841879059076
677.3739,39.16572244434199
677.8561,39.266512914555136
678.3381,39.370220878511596
678.8203,39.47756755252382
679.3024,39.589508311970064
679.7845,39.7060217705919
680.2666,39.82659602148248
680.7488,39.95143220196829
681.2308,40.080650949403264
681.713,40.21350529498153
682.1951,40.34903793812679
682.6772,40.48638327875142
683.1593,40.62453722541531
683.6415,40.76267633198044
684.1235,40.900159319867804
684.6057,41.03598172869258
685.0878,41.16918474950873
685.5699,41.2995256887461
686.052,41.426946527031475
686.5342,41.551363936301065
687.0162,41.672806400674894
687.4984,41.791055620941535
687.9805,41.90580189273307
688.4626,42.01697984120318
688.9447,42.12453782693483
689.4269,42.2282536468735
689.9089,42.32789628001844
690.3911,42.42325099094937
690.8732,42.514100980655186
691.3553,42.60033595033971
691.8374,42.68190538960616
692.3196,42.75872908368073
692.8016,42.830746707383
693.2838,42.89799027122992
693.7659,42.960537795537476
694.248,43.01842884623658
694.7301,43.071731728875825
695.2123,43.12058446925213
695.6943,43.16511699389401
696.1765,43.205527865463
696.6586,43.24202492164175
697.1407,43.274630303744345
697.6228,43.30332668233569
698.105,43.32814853542723
698.587,43.3491184645022
699.0692,43.366334700327585
699.5513,43.379946932274436
700.0334,43.3900320029796
700.5155,43.39669024411306
700.9977,43.40013650988112
701.4797,43.400606579145844
701.9619,43.39839342382501
702.444,43.393818418429426
702.9261,43.38709050395322
703.4082,43.37841077879906
703.8904,43.36803052601455
704.3724,43.35621823451095
704.8546,43.34331748190181
705.3367,43.3297307682043
705.8188,43.31585424401974
706.3009,43.3020706690774
706.7831,43.28886743741121
707.2651,43.27676569591403
707.7473,43.266077912878934
708.2294,43.25716730035294
708.7115,43.25049457243218
709.1936,43.246396312626224
709.6758,43.245657148850576
710.1578,43.249026269294546
710.64,43.256378130572784
711.1221,43.26755490565741
711.6042,43.28219714487764
712.0863,43.29990613926066
712.5685,43.32151512300732
713.0505,43.3481706101795
713.5327,43.380674639725015
714.0148,43.41991938506165
714.4969,43.46638807157276
714.979,43.52028795511669
715.4612,43.58225313622897
715.9432,43.65281563887106
716.4254,43.73190668363801
716.9075,43.81936179745401
717.3896,43.9147598670326
717.8717,44.017536315760545
718.3539,44.12772325511292
718.8359,44.24540449040621
719.3181,44.37035261172433
719.8002,44.50233313865845
720.2823,44.64073007587688
720.7644,44.784645829061034
721.2466,44.93362379947796
721.7286,45.087150066475814
722.2108,45.244041504492564
722.6929,45.403130092569
723.175,45.56315582721345
723.6571,45.72280318738587
724.1393,45.88178945271018
724.6213,46.040229059270125
725.1035,46.1976090593163
725.5856,46.35353993059724
726.0677,46.50803887142319
726.5498,46.66093853862482
727.032,46.81255401528587
727.514,46.963210763035896
727.9962,47.11174873738884
728.4783,47.256632927099595
728.9604,47.39672443943906
729.4425,47.530766805893506
729.9247,47.6579135443858
730.4067,47.777660999245796
730.8889,47.88902851253746
731.371,47.99120155550121
731.8531,48.08425651431425
732.3352,48.16852781396292
732.8174,48.244665406230844
733.2994,48.31349242128157
733.7816,48.375408276548846
734.2637,48.430870735637264
734.7458,48.480284773275976
735.2279,48.524198269882696
735.7101,48.56387772400009
736.1921,48.600656331268354
736.6743,48.636288420517786
737.1564,48.672640616633245
737.6385,48.710340650647765
738.1206,48.749887533988556
738.6028,48.792098455216
739.0848,48.83761004645449
739.567,48.88815219574696
740.0491,48.94598474295787
740.5312,49.01187269831426
741.0133,49.08660753120153
741.4955,49.172236561266274
741.9775,49.270353713210994
742.4597,49.383286163255995
742.9418,49.51312595591607
743.424,49.65830812237649
743.906,49.81620205809393
744.3882,49.98452915405207
744.8702,50.160515084638696
745.3524,50.34254063521748
745.8345,50.52944374809537
746.3167,50.71899877943399
746.7987,50.90908367538367
747.2809,51.09825388971433
747.7629,51.28518511192612
748.2451,51.46914846396636
748.7272,51.649518516162395
749.2094,51.8251936449599
749.6914,51.99527892848356
750.1736,52.15828540375524
750.6556,52.31305766398841
751.1378,52.46004254927737
751.6199,52.599725743598114
752.1021,52.73403734393386
752.5841,52.8652221405402
753.0663,52.9922099175068
753.5483,53.11381506062416
754.0305,53.229483889691366
754.5126,53.33841749337479
754.9948,53.44363762518802
755.4768,53.54981636276505
755.959,53.65821483733465
756.441,53.770578164220545
756.9232,53.89107963294467
757.4053,54.022828007607146
757.8875,54.17184031968177
758.3695,54.34364545126273
758.8517,54.53510690342933
759.3337,54.74120638291439
759.8159,54.95640343909292
760.298,55.17434790351742
760.7802,55.39430794590878
761.2622,55.616789271183706
761.7444,55.841055203162114
762.2264,56.066844772157076
762.7086,56.2910936098175
763.1907,56.510165185034865
763.6729,56.72263769391409
764.1549,56.92716081801583
764.6371,57.123683340342
765.1191,57.313782342475115
765.6013,57.49643786169824
766.0834,57.671206482046465
766.5656,57.842637772634966
767.0476,58.015672807297
767.5298,58.19641676657251
768.0118,58.39113772710383
768.494,58.59984335532139
768.9761,58.82066305566685
769.4583,59.052790981972244
769.9403,59.29476037293355
770.4225,59.546347233448216
770.9045,59.80767352563112
771.3867,60.077939795924244
771.8688,60.35615597369355
772.351,60.64108996098304
772.833,60.93157175864893
773.3152,61.22614455525943
773.7972,61.52346874121588
774.2794,61.82361717893553
774.7615,62.12707534093928
775.2437,62.43427440038525
775.7257,62.74591052679332
776.2079,63.062113036071516
776.6899,63.38285944754675
777.1721,63.70880223267496
777.6542,64.04055718804695
778.1364,64.37855270992375
778.6184,64.72335633611178
779.1006,65.07486405468548
779.5826,65.43310379676257
780.0648,65.79905653355105
780.5469,66.17363223557447
781.0291,66.55873676479003
781.5111,66.95620296538605
781.9933,67.36569017237619
782.4753,67.78678674239993
782.9575,68.21830533539342
783.4396,68.65898646697076
783.9218,69.11092193951079
784.4038,69.57680009488195
784.886,70.05889959172232
785.368,70.55983106946283
785.8502,71.07981396773022
786.3323,71.6180630861926
786.8145,72.17574981956317
787.2965,72.75426844962197
787.7787,73.353519279868
788.2607,73.97373586395904
788.7429,74.6160364303578
789.225,75.28180895591372
789.7072,75.97448451107721
790.1892,76.69940067268477
790.6714,77.46004139402069
791.1534,78.25956720127276
791.6356,79.10637899119853
792.1177,80.0099862410413
792.5999,80.97471762981067
793.0819,82.00370329838027
793.5641,83.10065377267756
794.0461,84.26496531336286
794.5283,85.49621242566667
795.0104,86.79226530649615
795.4926,88.13520228196478
795.9746,89.49975118491946
796.4568,90.868888054136
796.9388,92.22345742267228
797.421,93.53535856672822
797.9031,94.779005402145
798.3853,95.92518272307944
798.8673,96.94603218041738
799.3495,97.8378558878783
799.8315,98.60704737054432
800.3137,99.25427478151407
800.7958,99.78503453301788
801.278,100.21130772011242
801.76,100.545933976609
802.2422,100.80782036388625
802.7242,101.01756144526308
803.2064,101.18536164935077
803.6885,101.31791094670432
804.1707,101.42510692495885
804.6527,101.51535056032527
805.1349,101.59386195554075
805.6169,101.66448337797878
806.0991,101.73018648672684
806.5812,101.79220751365193
807.0634,101.85134987197657
807.5454,101.90858206888818
808.0276,101.96116686205076
808.5096,102.00610308430383
808.9918,102.04544663106132
809.4739,102.08160700489417
809.9561,102.11786889152259
810.4381,102.15765969894731
810.9203,102.19886993114632
811.4023,102.23835278793564
811.8845,102.27342416302339
812.3666,102.30119300913314
812.8488,102.32272589313074
813.3308,102.3402755206103
813.813,102.35496594679795
814.295,102.36823030799303
814.7772,102.38039120534432
815.2593,102.39119928861042
815.7415,102.4014999035045
816.2235,102.41207944666277
816.7057,102.42295114828251
817.1877,102.43411629101094
817.6699,102.44520203064131
818.152,102.45573595962756
818.6342,102.46616216730047
819.1162,102.47704798877061
819.5984,102.48880990538598
820.0804,102.50188171020369
820.5626,102.51604227217732
821.0447,102.53083426671212
821.5269,102.5460648283512
822.0089,102.56147413205848
822.4911,102.5768063393056
822.9731,102.59189796919856
823.4553,102.60635767291902
823.9374,102.61979643502163
824.4196,102.63223673358108
824.9016,102.64377550907587
825.3838,102.65448438944597
825.8658,102.66449669375383
826.348,102.67369866459593
826.8301,102.68188533607533
827.3123,102.68910092410262
827.7943,102.69536819870314
828.2765,102.70056492184408
828.7585,102.70464365868001
829.2407,102.70734805713897
829.7228,102.70839425871958
830.205,102.70807883206791
830.687,102.70677941565695
831.1692,102.70467356996804
831.6512,102.70201850995423
832.1334,102.69868461881906
832.6155,102.69425936177566
833.0977,102.68900466939995
833.5797,102.68316970532285
834.0619,102.67609375547397
834.5439,102.66719155815495
835.0261,102.65578448098215
835.5082,102.6411500834014
835.9904,102.62411973048918
836.4724,102.6061214517164
836.9546,102.58767089816378
837.4366,102.56944757538672
837.9188,102.55268339542647
838.4009,102.53829960144225
838.8831,102.52784658078593
839.3651,102.52282967163062
839.8473,102.52253741501065
840.3293,102.52561146495052
840.8115,102.53122077999618
841.2936,102.5382524368023
841.7758,102.54595465508629
842.2578,102.55395236655217
842.74,102.56102935473295
843.222,102.56602770610274
843.7042,102.56915253532009
844.1863,102.57087594938129
844.6685,102.5717087807965
845.1505,102.57234520361146
845.6327,102.57269599719157
846.1147,102.57244151730406
846.5969,102.57174710355103
847.079,102.57074078277383
847.5612,102.56946836063902
848.0432,102.5680787298027
848.5254,102.56641914511916
849.0074,102.56431334348841
849.4896,102.56211811406426
849.9717,102.56022821458424
850.4539,102.55898393051027
850.9359,102.55875368920744
851.4181,102.55938671645092
851.9001,102.56051046637822
852.3823,102.56209305228728
852.8644,102.5640520192959
853.3466,102.56603843834748
853.8286,102.56778200874481
854.3108,102.56884668499555
854.7928,102.56878209819627
855.275,102.56786343856812
855.7571,102.56660221629103
856.2393,102.56519474857267
856.7213,102.56391797867663
857.2035,102.56311835506642
857.6855,102.56299604038627
858.1677,102.56405326138007
858.6498,102.56676905062467
859.132,102.57082891477347
859.614,102.57571936048306
860.0962,102.58104790076571
860.5782,102.58631947686388
861.0604,102.59131368249696
861.5425,102.59596143209367
862.0247,102.59986184654498
862.5067,102.60265645485318
862.9889,102.60435558054469
863.4709,102.60499645973931
863.9531,102.60479457442277
864.4352,102.604027024442
864.9174,102.60250171268873
865.3994,102.59997256882164
865.8816,102.59632808204779
866.3636,102.59144157675931
866.8458,102.58553271392528
867.3279,102.57899447114904
867.8101,102.57193534381175
868.2921,102.56449538669662
868.7743,102.55708297782732
869.2563,102.55005267513448
869.7385,102.54386715131135
870.2206,102.53898634448049
870.7028,102.53526735610302
871.1848,102.53235564012417
871.667,102.53010972712778
872.149,102.5283177350749
872.6312,102.52669569553134
873.1133,102.52503765034227
873.5955,102.52297879058248
874.0775,102.52014012139578
874.5597,102.5166148122672
875.0417,102.51266188526041
875.5239,102.50830967379817
876.006,102.50363489875761
876.4882,102.49885767526715
876.9702,102.49411617729308
877.4524,102.48968825043714
877.9344,102.48586034324455
878.4166,102.4823398937234
878.8987,102.47863351846428
879.3809,102.4745296598568
879.8629,102.46975534781987
880.3451,102.46390842210118
880.8271,102.45670369644823
881.3093,102.44763994132323
881.7914,102.43623534839297
882.2736,102.42273248277301
882.7556,102.40759446557905
883.2378,102.39110763766233
883.7198,102.37364966739872
884.202,102.35552624788119
884.6841,102.33693014924667
885.1663,102.31829235267689
885.6483,102.30003257399596
886.1305,102.28211609444497
886.6125,102.26438397186392
887.0947,102.24674543628221
887.5768,102.22905595494298
888.059,102.21124749510189
888.541,102.19331294951724
889.0232,102.1751475843286
889.5052,102.15663732543236
889.9874,102.13785339041709
890.4695,102.11894729490847
890.9517,102.09993194838046
891.4337,102.08083502107601
891.9159,102.06185693320246
892.3979,102.0431675780339
892.8801,102.02495732199
893.3622,102.00743133834276
893.8444,101.9904251403877
894.3264,101.97360887647764
894.8086,101.95693369065769
895.2906,101.94031376794123
895.7728,101.92339030674104
896.2549,101.90587354043353
896.7371,101.88734829828958
897.2191,101.86739712667828
897.7013,101.84629806388656
898.1833,101.82457141968757
898.6655,101.80244597632566
899.1476,101.78022748340504
899.6298,101.75832626814879
900.1118,101.73703391178975
900.594,101.71687045479382
901.076,101.69834555312283
901.5582,101.6812681789183
902.0403,101.66522674268138
902.5225,101.65000922753711
903.0045,101.6353174960263
903.4867,101.62085903943208
903.9688,101.60644764358815
904.4509,101.591681480695
904.933,101.5761527784856
905.4152,101.55996724863854
905.8972,101.54338737119677
906.3794,101.52648335529246
906.8615,101.50938534557957
907.3436,101.49225790179567
907.8257,101.4751640934319
908.3079,101.45836571769831
908.7899,101.44212187644037
909.2721,101.42614938945734
909.7542,101.41001928202799
910.2363,101.39346754776399
910.7184,101.37615953595508
911.2006,101.357854704231
911.6826,101.33844088031783
912.1647,101.31751326098292
912.6469,101.2947028952082
913.129,101.27015322010165
913.6111,101.24407283574928
914.0932,101.21676310985275
914.5753,101.18860623653796
915.0574,101.15946730210007
915.5396,101.12909663824249
916.0217,101.09754395493731
916.5038,101.0648018519018
916.9859,101.03097354588029
917.468,100.9963509005616
917.9501,100.96072192976457
918.4323,100.92386001545638
918.9144,100.886345843838
919.3965,100.8487445794716
919.8786,100.81159096334194
920.3607,100.7754661134128
920.8428,100.73982369555141
921.325,100.70363821085432
921.8071,100.6666717099581
922.2892,100.62855721095671
922.7713,100.58829671889299
923.2534,100.54511483440122
923.7355,100.4977292900759
924.2177,100.44484478009961
924.6998,100.38712764127602
925.1819,100.32579217062006
925.664,100.26139729168878
926.1461,100.19477100532198
926.6282,100.12642128291223
927.1104,100.05640593794055
927.5925,99.98595483941922
928.0746,99.91617137136515
928.5567,99.8462946227741
929.0388,99.77542393285583
929.5209,99.70212276780342
930.0031,99.62470620056062
930.4852,99.54384600941583
930.9673,99.46066502361795
931.4494,99.37531248841685
931.9315,99.28822692835695
932.4136,99.19879212848109
932.8958,99.10554660308158
933.3779,99.00928674327477
933.86,98.91081522529285
934.3421,98.80806726617175
934.8242,98.69927993860045
935.3063,98.5822723021306
935.7885,98.45482654050639
936.2706,98.31985047784357
936.7527,98.1820677867161
937.2348,98.04379795252319
937.7169,97.90794908415128
938.199,97.77820365970913
938.6812,97.65728679373338
939.1633,97.55005835453673
939.6454,97.46096135905916
940.1275,97.38884972650496
940.6096,97.33110422253377
941.0917,97.28463830893544
941.5739,97.24561749370469
942.056,97.21275210182455
942.5381,97.18502307955215
943.0202,97.16087359899308
943.5023,97.13871556583236
943.9844,97.11479415123375
944.4666,97.08504067721415
944.9487,97.04603159584259
945.4308,96.99434527734043
945.9129,96.9287341250102
946.395,96.84908459516248
946.8771,96.75379384593447
947.3593,96.6419683292747
947.8414,96.51425501770285
948.3235,96.37124082369009
948.8056,96.21592972404288
949.2877,96.05116425357616
949.7698,95.87596150008643
950.252,95.68915067475878
950.7341,95.487064869948
951.2162,95.2658663633383
951.6983,95.02758377429242
952.1804,94.77440224904163
952.6625,94.50954059047851
953.1447,94.23535509531597
953.6268,93.94597718874923
954.1089,93.63379362423746
954.591,93.28865618063617
955.0731,92.89844343221255
955.5552,92.45930394275447
956.0374,91.96792472797804
956.5195,91.41590412019912
957.0016,90.7951687811967
957.4837,90.09178829232222
957.9658,89.28633326485357
958.4479,88.3702638679788
958.9301,87.3378154703176
959.4122,86.16490569577111
959.8943,84.82738563432515
960.3764,83.31670237127038
960.8585,81.62774411318206
961.3406,79.76790443767578
961.8228,77.76329729954556
962.3049,75.62564812106662
962.787,73.37054742432079
963.2691,71.07058912098215
963.7512,68.81365653412053
964.2333,66.66259407710933
964.7155,64.68223051518206
965.1976,62.92839284133068
965.6797,61.43193535136381
966.1618,60.245676474987214
966.6439,59.41109987177735
967.126,58.879674996941574
967.6082,58.57170458650465
968.0903,58.418388893908066
968.5724,58.336665330753746
969.0545,58.25085184345361
969.5366,58.09543507297999
970.0187,57.783939839717824
970.5009,57.23343052987783
970.983,56.40504199933264
971.4651,55.27878930828179
971.9472,53.83368526154783
972.4293,52.06334449904048
972.9114,49.9750001013453
973.3936,47.58535467958779
973.8757,44.92970936040996
974.3578,42.052736018906984
974.8399,38.99671067945685
975.322,35.80997163847033
975.8041,32.54134785444836
976.2863,29.241762280406157
976.7684,25.977397360353713
977.2505,22.815149364876113
977.7326,19.817539596187196
978.2147,17.043295601784077
978.6968,14.531608056022813
979.179,12.308356195541997
979.6611,10.39868105441087
980.1432,8.81834297926711
980.6253,7.5657436828459685
981.1074,6.628114501724294
981.5895,5.986830688375557
982.0717,5.616037191001148
982.5538,5.480774465312413
983.0359,5.541232831381817
983.518,5.757935065631565
984.0001,6.0888858104947845
984.4822,6.492946439653891
984.9644,6.934334545187001
985.4465,7.370329941720081
985.9286,7.761892599356199
986.4107,8.095322078687152
986.8928,8.365457210702393
987.3749,8.569414431222592
987.8571,8.709944494900187
988.3392,8.783055425352597
988.8213,8.784481029481482
989.3034,8.717503923410636
989.7855,8.587409444300048
990.2676,8.400799554416412
990.7498,8.16577217325601
991.2319,7.89086583091849
991.714,7.584841301184699
992.1961,7.255717192524566
992.6782,6.910914272158844
993.1603,6.55742785906864
993.6425,6.201847442130256
994.1246,5.849824892478086
994.6067,5.505871388606757
995.0888,5.175350364776314
995.5709,4.862701373587959
996.053,4.569232812960586
996.5352,4.295760693475528
997.0173,4.041222995896124
997.4994,3.8039992392124704
997.9815,3.5868209516028853
998.4636,3.3930970287842896
998.9457,3.2252629522979053
999.4279,3.0856766880922355
999.91,2.9741255639229838
1000.392,2.8893014401489414
1000.874,2.8303177625235896
1001.356,2.7959950693897504
1001.838,2.7850580755069068
1002.321,2.7959582830809624
1002.803,2.8274481146887758
1003.285,2.8780414173677755
1003.767,2.944960574345027
1004.249,3.025432298912468
1004.731,3.116194035543202
1005.213,3.2139670982117403
1005.695,3.317894144001862
1006.177,3.427813276374362
1006.66,3.542990512161693
1007.142,3.6629931608452373
1007.624,3.7868427580286372
1008.106,3.9131757422351305
1008.588,4.041595171513754
1009.07,4.171689121633392
1009.552,4.3018860336584686
1010.034,4.430516612643915
1010.517,4.555787523550347
1010.999,4.675808997172938
1011.481,4.7898122928593425
1011.963,4.8973506170600025
1012.445,4.997542247809001
1012.927,5.089676021106293
1013.409,5.1729105820435475
1013.891,5.246223239873838
1014.373,5.309373264932583
1014.856,5.362211379565137
1015.338,5.403690241746355
1015.82,5.432884112258192
1016.302,5.448872952678874
1016.784,5.45078085947089
1017.266,5.4392858048092965
1017.748,5.415682771158196
1018.23,5.380573807738039
1018.713,5.334783805447263
1019.195,5.279549945958113
1019.677,5.2158929395303515
1020.159,5.145456401853083
1020.641,5.069890722491734
1021.123,4.989128790039684
1021.605,4.902643050625705
1022.087,4.810290727646665
1022.569,4.711742826663475
1023.052,4.607048600798828
1023.534,4.496558882639043
1024.016,4.3800626502574165
1024.498,4.25739450006479
1024.98,4.129271071303355
1025.462,3.9966152618382216
1025.944,3.8603087030142498
1026.426,3.721347106059736
1026.908,3.5804147994930555
1027.391,3.4380573154901257
1027.873,3.295059728140615
1028.355,3.152200748114007
1028.837,3.010002444877416
1029.319,2.8689087247982354
1029.801,2.729443451742599
1030.283,2.5920863234650215
1030.765,2.4572475445899475
1031.248,2.3253766286931916
1031.73,2.1968179720570644
1032.212,2.0718917130408867
1032.694,1.9512520713489456
1033.176,1.8356521653816755
1033.658,1.725634465842895
1034.14,1.6217554496153568
1034.622,1.5246241628762642
1035.104,1.4347377992461952
1035.587,1.3527307909152697
1036.069,1.2791834416594157
1036.551,1.2141370441877668
1037.033,1.1574646896539036
1037.515,1.1090613179479623
1037.997,1.0687258861340645
1038.479,1.0363928532430275
1038.961,1.0120405875868907
1039.444,0.995465743374983
1039.926,0.9864456900944765
1040.408,0.984862432361616
1040.89,0.9905956410435349
1041.372,1.0035288951231898
1041.854,1.0235446971078421
1042.336,1.0504399272657925
1042.818,1.083979800883565
1043.301,1.123933053647457
1043.783,1.1700769680334824
1044.265,1.2221832087541165
1044.747,1.280012159909424
1045.229,1.343428786196633
1045.711,1.4122825899536986
1046.193,1.486315858208105
1046.675,1.565318101940268
1047.157,1.6489140481227789
1047.64,1.7367324911780075
1048.122,1.8288397517839552
1048.604,1.9253312855169757
1049.086,2.026292570271356
1049.568,2.1318965744913454
1050.05,2.241774353304786
1050.532,2.3553702687067677
1051.014,2.4727149612216826
1051.496,2.5937290450910995
1051.979,2.71806075202883
1052.461,2.84565575891954
1052.943,2.9755554095732806
1053.425,3.106706546632963
1053.907,3.2401158348071695
1054.389,3.3769481831548673
1054.871,3.5178137161441545
1055.353,3.663546996341566
1055.835,3.8130465075993696
1056.318,3.9640616596254485
1056.8,4.1167554404348365
1057.282,4.271142095530667
1057.764,4.424281670376218
1058.246,4.57360547961645
1058.728,4.715886762793279
1059.21,4.847784279789605
1059.692,4.971682801441433
1060.175,5.092015512526678
1060.657,5.210319106168805
1061.139,5.328765781105291
1061.621,5.450766195569568
1062.103,5.578600757881045
1062.585,5.716942688694006
1063.067,5.870269125062294
1063.549,6.035979737319443
1064.031,6.209574707334611
1064.514,6.387741052564579
1064.996,6.566286998441566
1065.478,6.7430132572395305
1065.96,6.9169071170477405
1066.442,7.0844514540984065
1066.924,7.242424015038504
1067.406,7.3906002023943556
1067.888,7.529287216034132
1068.371,7.659731606127304
1068.853,7.783524469083305
1069.335,7.900080472143219
1069.817,8.008589870954294
1070.299,8.108034818601132
1070.781,8.197693497128103
1071.263,8.278880399311026
1071.745,8.353084594298153
1072.228,8.423320315249988
1072.71,8.492546158374015
1073.192,8.560116875338075
1073.674,8.625331736513468
1074.156,8.686174488509048
1074.638,8.74033694662715
1075.12,8.791435107889068
1075.602,8.844064276768252
1076.084,8.901109314619903
1076.567,8.965888837322003
1077.049,9.037808500289962
1077.531,9.11390278488561
1078.013,9.195477836427441
1078.495,9.2834467478197
1078.977,9.373260210343725
1079.459,9.4606921706523
1079.941,9.54053952999116
1080.423,9.60697859334847
1080.906,9.663317812879681
1081.388,9.716201064724464
1081.87,9.766119543017401
1082.352,9.814617459593158
1082.834,9.866632024748071
1083.316,9.924802462798365
1083.798,9.99728232493445
1084.28,10.092179467268142
1084.762,10.201499910191652
1085.245,10.313705050504046
1085.727,10.420811655864103
1086.209,10.513340242221147
1086.691,10.588771413972413
1087.173,10.64909073424808
1087.655,10.688677386998686
1088.137,10.702998147514837
1088.619,10.698389103810054
1089.102,10.682453914095122
1089.584,10.664442517360543
1090.066,10.654495446196949
1090.548,10.652383061225896
1091.03,10.654403608466298
1091.512,10.660225281080482
1091.994,10.66861896077755
1092.476,10.677634738903263
1092.958,10.685486274851772
1093.441,10.689627469204991
1093.923,10.687100360816045
1094.405,10.676065622862488
1094.887,10.655769524965166
1095.369,10.6237522437172
1095.851,10.578019329232891
1096.333,10.520930736391474
1096.815,10.455843590438816
1097.298,10.386128524386264
1097.78,10.31568841815706
1098.262,10.245917474169294
1098.744,10.177228348485272
1099.226,10.111492991774027
1099.708,10.050189216146089
1100.19,9.99373674879622
1100.672,9.942344205685778
1101.155,9.895088957312325
1101.637,9.85083746921192
1102.119,9.809482629388524
1102.601,9.770665648831951
1103.083,9.73486630482174
1103.565,9.702455525858765
1104.047,9.671238659108258
1104.529,9.638901968777907
1105.011,9.602766851742386
1105.494,9.56012437400792
1105.976,9.511856392060432
1106.458,9.459944031397212
1106.94,9.405369353630158
1107.422,9.349500173021129
1107.904,9.293123511526264
1108.386,9.236467154431235
1108.868,9.180941205278117
1109.35,9.127909573259636
1109.833,9.076961261177983
1110.315,9.027330656895721
1110.797,8.978323734383368
1111.279,8.929030156979875
1111.761,8.879382988228649
1112.243,8.829643659106017
1112.725,8.779470598286412
1113.207,8.728585315793543
1113.689,8.677140230399363
1114.172,8.625305131161882
1114.654,8.573464312456919
1115.136,8.522075879565897
1115.618,8.471092106682818
1116.1,8.420381190483976
1116.582,8.369959872964355
1117.064,8.319817379421906
1117.546,8.270185138907527
1118.029,8.221410052622257
1118.511,8.173608877494285
1118.993,8.126913961681874
1119.475,8.081620639207632
1119.957,8.037969580561324
1120.439,7.996318877060868
1120.921,7.957007602954156
1121.403,7.919918948996306
1121.885,7.884814632906011
1122.368,7.851500892310047
1122.85,7.819722122113669
1123.332,7.789396263117351
1123.814,7.760507236018339
1124.296,7.732874442195378
1124.778,7.706330116120453
1125.26,7.680800886987385
1125.742,7.65620107720016
1126.225,7.632549999709474
1126.707,7.609882374991196
1127.189,7.588035494990075
1127.671,7.56684081219215
1128.153,7.546136110923778
1128.635,7.525763599033139
1129.117,7.505800205272338
1129.599,7.486402312963359
1130.082,7.467657119233869
1130.564,7.449683488677345
1131.046,7.4325786512299015
1131.528,7.416406694593028
1132.01,7.40132723977673
1132.492,7.3874959648155425
1132.974,7.37492910428966
1133.456,7.363624131094261
1133.938,7.353555197038936
1134.421,7.344678942099716
1134.903,7.337074582478679
1135.385,7.330844557893996
1135.867,7.326042714717371
1136.349,7.322728270811895
1136.831,7.320905330408823
1137.313,7.3205420430726695
1137.795,7.321673280412582
1138.277,7.324327028652574
1138.76,7.328452843495908
1139.242,7.3340066408321665
1139.724,7.340916795709784
1140.206,7.349106536679005
1140.688,7.358641601240031
1141.17,7.369629476304297
1141.652,7.382119335911311
1142.134,7.396173715616454
1142.616,7.411844890199234
1143.099,7.429152347253444
1143.581,7.448178038802078
1144.063,7.4689927550083555
1144.545,7.491532589028556
1145.027,7.515705471641722
1145.509,7.541404945440355
1145.991,7.56850489470383
1146.473,7.596968745741027
1146.956,7.626778987527259
1147.438,7.657873536392675
1147.92,7.690196113017953
1148.402,7.723665314499029
1148.884,7.758180199666387
1149.366,7.793695954235086
1149.848,7.830167197630459
1150.33,7.867493565610368
1150.812,7.90558691286704
1151.295,7.9443319553088365
1151.777,7.983621231473437
1152.259,8.023476143512458
1152.741,8.063951214352272
1153.223,8.105098329407292
1153.705,8.146987786101727
1154.187,8.189624743500701
1154.669,8.232997124039336
1155.152,8.2771394974993
1155.634,8.322081743311507
1156.116,8.367854652884724
1156.598,8.414503136347006
1157.08,8.462022272836482
1157.562,8.510405480922282
1158.044,8.559713476268046
1158.526,8.610000745001479
1159.009,8.661335659831112
1159.491,8.713781920528623
1159.973,8.767284532341534
1160.455,8.821752628931122
1160.937,8.87711566704202
1161.419,8.93328663275748
1161.901,8.990209109887253
1162.383,9.047842851140123
1162.865,9.106103170496125
1163.348,9.164907773788315
1163.83,9.224215301289775
1164.312,9.283986156177098
1164.794,9.344201458601377
1165.276,9.404847686952946
1165.758,9.465858857525296
1166.24,9.527164310999591
1166.722,9.588700821486354
1167.204,9.650405788282338
1167.687,9.712265440095598
1168.169,9.774283929138523
1168.651,9.83644848085096
1169.133,9.898752873355397
1169.615,9.96119080706689
1170.097,10.023749874144862
1170.579,10.086436933513095
1171.061,10.149258577822394
1171.543,10.21219018477763
1172.026,10.275202003994544
1172.508,10.338262087164328
1172.99,10.401335254764392
1173.472,10.464408622477116
1173.954,10.527474380981001
1174.436,10.590516612962503
1174.918,10.653520434669062
1175.4,10.716463118182174
1175.883,10.779317844304554
1176.365,10.84206610190263
1176.847,10.904688618245352
1177.329,10.967160696492567
1177.811,11.029459567259668
1178.293,11.09155658173872
1178.775,11.153423500569422
1179.257,11.215048755857474
1179.74,11.276423510217873
1180.222,11.337538893354136
1180.704,11.39838868200417
1181.186,11.458952809832786
1181.668,11.519207108569997
1182.15,11.579139524933112
1182.632,11.638736281868901
1183.114,11.69798081855675
1183.596,11.756862539578686
1184.079,11.815354536381806
1184.561,11.873428631539412
1185.043,11.931091780913158
1185.525,11.988353377784875
1186.007,12.045214736996266
1186.489,12.101680845098414
1186.971,12.157722126153871
1187.453,12.213289615046367
1187.936,12.268373911109842
1188.418,12.322962838528092
1188.9,12.376997702704854
1189.382,12.430426472647005
1189.864,12.483185198610407
1190.346,12.535207952433808
1190.828,12.586522910958536
1191.31,12.637191317366689
1191.792,12.687226884209672
1192.275,12.73665442336489
1192.757,12.785516995453543
1193.239,12.833838142462328
1193.721,12.881685811789536
1194.203,12.929124696775421
1194.685,12.97609910109125
1195.167,13.022524959199046
1195.649,13.068333230902832
1196.131,13.11343942992869
1196.614,13.15781137642539
1197.096,13.201440672535677
1197.578,13.244265688521349
1198.06,13.28623310490871
1198.542,13.32733436094457
1199.024,13.367558238999974
1199.506,13.406937403409438
1199.988,13.44551248094618
1200.47,13.483233391833194
1200.953,13.52004528634036
1201.435,13.555904424791784
1201.917,13.590763999036978
1202.399,13.624674639430223
1202.881,13.657724916864348
1203.363,13.689944002778827
1203.845,13.72137157823808
1204.327,13.752076571835406
1204.81,13.782107359451215
1205.292,13.811559364407305
1205.774,13.840522072626253
1206.256,13.868947904669728
1206.738,13.89675578580779
1207.22,13.92387183433782
1207.702,13.950204605566045
1208.184,13.975725690891847
1208.667,14.00042757520539
1209.149,14.02425769304306
1209.631,14.047168623611432
1210.113,14.069127935580848
1210.595,14.090098374267365
1211.077,14.110076701237563
1211.559,14.12906362388122
1212.041,14.147014149985322
1212.523,14.163886732415678
1213.006,14.179632140382365
1213.488,14.194206416021881
1213.97,14.207639853247198
1214.452,14.21998281481173
1214.934,14.23128549977927
1215.416,14.24160903964214
1215.898,14.250975924810618
1216.38,14.259400156763359
1216.863,14.266921575642145
1217.345,14.27357771879913
1217.827,14.279414653579723
1218.309,14.284489058521093
1218.791,14.288825674543004
1219.273,14.292449349221357
1219.755,14.2954229983899
1220.237,14.297803780806081
1220.719,14.299661847154516
1221.202,14.301063035338824
1221.684,14.301995296376354
1222.166,14.302424289059068
1222.648,14.30232154200201
1223.13,14.301648052417693
1223.612,14.300393316318901
1224.094,14.298555612571526
1224.576,14.296110732349431
1225.058,14.29303606133434
1225.541,14.289313592590245
1226.023,14.284923763718473
1226.505,14.279863350139578
1226.987,14.274128984950355
1227.469,14.267704334772278
1227.951,14.260578609320396
1228.433,14.252721542835813
1228.915,14.244108234962388
1229.397,14.234761259804772
1229.88,14.22470497863951
1230.362,14.213988233642231
1230.844,14.202668986777983
1231.326,14.19072388210594
1231.808,14.17811924942739
1232.29,14.164857511938356
1232.772,14.15093318951164
1233.254,14.136394755607105
1233.737,14.121332570680318
1234.219,14.10574448677561
1234.701,14.08963139683524
1235.183,14.073124620545396
1235.665,14.05634670041315
1236.147,14.03943204714894
1236.629,14.022520770908228
1237.111,14.005537677588707
1237.594,13.988322948760514
1238.076,13.970840662867095
1238.558,13.95303204203358
1239.04,13.93475561411022
1239.522,13.915908163097566
1240.004,13.896309407582399
1240.486,13.875780529740316
1240.968,13.854435627332252
1241.45,13.832480694390412
1241.933,13.810026636926171
1242.415,13.787219058667679
1242.897,13.76419843800772
1243.379,13.741054449014097
1243.861,13.717982050379906
1244.343,13.695170511682536
1244.825,13.672571237569445
1245.307,13.650073089374663
1245.79,13.62760544358686
1246.272,13.605067803250796
1246.754,13.582418149397405
1247.236,13.55965511617827
1247.718,13.536694518327028
1248.2,13.513457223888462
1248.682,13.489983290837163
1249.164,13.466337528081263
1249.646,13.442581584197434
1250.129,13.418792693308026
1250.611,13.39499461607046
1251.093,13.371189807120391
1251.575,13.347420584599858
1252.057,13.323726208226521
1252.539,13.300113651339311
1253.021,13.276586040647363
1253.503,13.253139566941487
1253.985,13.22976555637241
1254.468,13.206478655547588
1254.95,13.183299927351626
1255.432,13.160240066434456
1255.914,13.137310730049403
1256.396,13.114524820313651
1256.878,13.091894485123555
1257.36,13.069434427721973
1257.842,13.047159840842069
1258.324,13.025083840038413
1258.807,13.003218765776285
1259.289,12.98157701684993
1259.771,12.960171045445353
1260.253,12.939011560190227
1260.735,12.918107881466137
1261.217,12.897472718602609
1261.699,12.877118167268206
1262.181,12.857051308341354
1262.664,12.837279807525233
1263.146,12.817808392433058
1263.628,12.798641520220933
1264.11,12.779794841061726
1264.592,12.76128640782777
1265.074,12.743131169433774
1265.556,12.725344975263567
1266.038,12.707938458642277
1266.521,12.69091904827648
1267.003,12.674299849149167
1267.485,12.658091707129286
1267.967,12.642298671436519
1268.449,12.626924351005064
1268.931,12.611963310085034
1269.413,12.5974090161455
1269.895,12.583268161270482
1270.377,12.569545993798721
1270.86,12.556251859947155
1271.342,12.543395054538992
1271.824,12.530959189014736
1272.306,12.518923029295578
1272.788,12.507271770504323
1273.27,12.495986300131554
1273.752,12.485064758637426
1274.234,12.474514512274503
1274.717,12.46431589893211
1275.199,12.454454233242078
1275.681,12.444939778595897
1276.163,12.435775026540048
1276.645,12.426996611423736
1277.127,12.41864698466442
1277.609,12.410682841922902
1278.091,12.403052564578092
1278.573,12.395731802156652
1279.056,12.388687674014857
1279.538,12.381958711035715
1280.02,12.375628879431662
1280.502,12.369687410457654
1280.984,12.364127757281398
1281.466,12.359065766737297
1281.948,12.354605205783754
1282.43,12.350865239849437
1282.912,12.347969927860856
1283.395,12.345825763723443
1283.877,12.344253526383184
1284.359,12.343197408799417
1284.841,12.342578048338924
1285.323,12.342231257606405
1285.805,12.342030625232514
1286.287,12.341773540648616
1286.769,12.341257629322895
1287.251,12.340575260451933
1287.734,12.339912593867602
1288.216,12.339353250065065
1288.698,12.339015681866542
1289.18,12.339022896834566
1289.662,12.339445541418161
1290.144,12.340463217631875
1290.626,12.342250608987362
1291.108,12.344722992610063
1291.591,12.34772781924901
1292.073,12.351163361896331
1292.555,12.354894489791059
1293.037,12.358850232440123
1293.519,12.36300848941654
1294.001,12.367241124289311
1294.483,12.37142787801734
1294.965,12.375603539179638
1295.448,12.379826019699735
1295.93,12.384166007561662
1296.412,12.388717567632115
1296.894,12.393453351170045
1297.376,12.398311628083702
1297.858,12.403314027972945
1298.34,12.408469909679983
1298.822,12.41377661677249
1299.304,12.419264549244406
1299.787,12.424866657393402
1300.269,12.430509676734768
1300.751,12.436306022889063
1301.233,12.442376787696881
1301.715,12.448818005310534
1302.197,12.455741830174762
1302.679,12.463055475960156
1303.161,12.470570218726216
1303.644,12.478280063127361
1304.126,12.486159815062898
1304.608,12.494013441273344
1305.09,12.501688276213589
1305.572,12.508942336723488
1306.054,12.515532994515535
1306.536,12.521654764697693
1307.018,12.527636513902937
1307.5,12.533650911309346
1307.983,12.53992387015545
1308.465,12.54665718797444
1308.947,12.553963316246799
1309.429,12.562156761008298
1309.911,12.571530326643925
1310.393,12.581973479485352
1310.875,12.593300614563681
1311.357,12.605301586027709
1311.839,12.617709047254436
1312.322,12.630540233002982
1312.804,12.64388625529638
1313.286,12.65766221964097
1313.768,12.671809229776825
1314.25,12.686252803495172
1314.732,12.70084643836179
1315.214,12.71566093349725
1315.696,12.730774869624781
1316.178,12.745929354495761
1316.661,12.760872320854661
1317.143,12.775342093193053
1317.625,12.789067609605805
1318.107,12.8022565362427
1318.589,12.815296649983454
1319.071,12.82832788316256
1319.553,12.841542490559572
1320.035,12.855254338506908
1320.518,12.869691672116765
1321.0,12.885265974565842
1321.482,12.90237827963883
1321.964,12.920859303787033
1322.446,12.94037761002337
1322.928,12.960724936667496
1323.41,12.981622143813734
1323.892,13.002896559262345
1324.375,13.02446922021754
1324.857,13.046059929757721
1325.339,13.067399847569945
1325.821,13.088532179365728
1326.303,13.109565350260608
1326.785,13.130600742566518
1327.267,13.151780214763722
1327.749,13.173099638138401
1328.231,13.19450193201804
1328.714,13.216033490530688
1329.196,13.237734034356794
1329.678,13.259581187863587
1330.16,13.281552010316789
1330.642,13.303595645766437
1331.124,13.325653544113814
1331.606,13.347736274114784
1332.088,13.369868598300977
1332.571,13.39206321444075
1333.053,13.414337384466325
1333.535,13.436680440953223
1334.017,13.459075752382894
1334.499,13.481520538628125
1334.981,13.504010863832098
1335.463,13.526560273133233
1335.945,13.549191626877754
1336.427,13.57190638263927
1336.91,13.59471293303942
1337.392,13.617634964629595
1337.874,13.64068866931299
1338.356,13.663930807900222
1338.838,13.687421123000654
1339.32,13.711144286955504
1339.802,13.7350844564873
1340.284,13.759225673588674
1340.766,13.783546889504121
1341.249,13.808128363377026
1341.731,13.833086348377075
1342.213,13.858471957110103
1342.695,13.884345253126009
1343.177,13.91079094674673
1343.659,13.937866320380568
1344.141,13.965681753596565
1344.623,13.994336261390545
1345.105,14.023770583048961
1345.588,14.053887230771718
1346.07,14.084584806477741
1346.552,14.115738653056352
1347.034,14.147309397754015
1347.516,14.179278998669906
1347.998,14.211574219741712
1348.48,14.244126822341835
1348.962,14.2768626374959
1349.445,14.309690727903364
1349.927,14.342574872507459
1350.409,14.375480025589736
1350.891,14.408302276903827
1351.373,14.44094517667655
1351.855,14.473294040922658
1352.337,14.505240264126884
1352.819,14.536801557577316
1353.302,14.568031786922527
1353.784,14.598972037897287
1354.266,14.629680934713981
1354.748,14.660171774513874
1355.23,14.690442033643903
1355.712,14.720532626023155
1356.194,14.75048180365098
1356.676,14.78030926020271
1357.158,14.810039306504654
1357.641,14.839666024136266
1358.123,14.869181214076255
1358.605,14.898624726305895
1359.087,14.92803470478594
1359.569,14.957459062940007
1360.051,14.986941827150746
1360.533,15.01645209625055
1361.015,15.045940503214384
1361.498,15.075358591501285
1361.98,15.10464759207874
1362.462,15.133793424127056
1362.944,15.162792842433813
1363.426,15.191613117988483
1363.908,15.220225770693215
1364.39,15.248595108102764
1364.872,15.276672398826138
1365.354,15.304450636937943
1365.837,15.331923564661226
1366.319,15.359029120260752
1366.801,15.385710725832826
1367.283,15.411900916982246
1367.765,15.437534789327193
1368.247,15.462647306038768
1368.729,15.487305508289996
1369.211,15.511550411973838
1369.693,15.535435447783215
1370.176,15.559002386244932
1370.658,15.582278215225584
1371.14,15.605323836519911
1371.622,15.62819761116267
1372.104,15.650902448688173
1372.586,15.673428399654245
1373.068,15.695762739611268
1373.55,15.717885326552613
1374.032,15.739799999873245
1374.515,15.76151576404511
1374.997,15.78303180208573
1375.479,15.804344149604525
1375.961,15.825442746121704
1376.443,15.846317127248856
1376.925,15.86694472556011
1377.407,15.887301136705316
1377.889,15.907384874172896
1378.372,15.927192789763229
1378.854,15.946720574709223
1379.336,15.965965166392632
1379.818,15.9848853597676
1380.3,16.00342517793117
1380.782,16.021556275091868
1381.264,16.03924652000819
1381.746,16.056448400253792
1382.229,16.073125299263964
1382.711,16.08921870735265
1383.193,16.104675036368278
1383.675,16.11951243315205
1384.157,16.133767210652444
1384.639,16.147476101105262
1385.121,16.160686167221535
1385.603,16.173409211596322
1386.085,16.18564808460007
1386.568,16.19742860010327
1387.05,16.20877497965106
1387.532,16.21971354893568
1388.014,16.230276352944873
1388.496,16.240475710714087
1388.978,16.250323922630084
1389.46,16.259854913354562
1389.942,16.26909904540613
1390.425,16.278097706621203
1390.907,16.286888578523214
1391.389,16.295462947842733
1391.871,16.303802151662662
1392.353,16.31188029476008
1392.835,16.319665138002893
1393.317,16.32716116110692
1393.799,16.33437800550706
1394.281,16.341312392431625
1394.764,16.347963354044015
1395.246,16.35430461159518
1395.728,16.360298284557224
1396.21,16.365934442086846
1396.692,16.371200754154717
1397.174,16.37606692547223
1397.656,16.380512257458612
1398.138,16.384493407087728
1398.62,16.387972457413195
1399.103,16.390981367102253
1399.585,16.39356611682173
1400.067,16.395781722589952
1400.549,16.39769321824216
1401.031,16.39931050043671
1401.513,16.400633064598534
1401.995,16.40168637519659
1402.477,16.402491535367407
1402.959,16.40309285818132
1403.442,16.403551675168018
1403.924,16.403885036977815
1404.406,16.40411001764507
1404.888,16.404293062166662
1405.37,16.404492466506984
1405.852,16.40477870581015
1406.334,16.40521799034325
1406.816,16.40577662293724
1407.299,16.406386665247464
1407.781,16.407002766414735
1408.263,16.407566932932088
1408.745,16.408025548624728
1409.227,16.408335149281672
1409.709,16.408430213584584
1410.191,16.408243829393427
1410.673,16.407752140353622
1411.156,16.406949188865728
1411.638,16.4058091955821
1412.12,16.404310522277303
1412.602,16.402460240858936
1413.084,16.400264349000306
1413.566,16.397724363588665
1414.048,16.3948506679614
1414.53,16.39161047994636
1415.012,16.387943108589855
1415.495,16.383861129970366
1415.977,16.379376096288553
1416.459,16.37440564034784
1416.941,16.36887999894046
1417.423,16.36271464881952
1417.905,16.35582361335123
1418.387,16.34830287615479
1418.869,16.340315800847637
1419.352,16.33193345616197
1419.834,16.323247690243658
1420.316,16.314395400765395
1420.798,16.305478963208046
1421.28,16.296674043693216
1421.762,16.288150062212964
1422.244,16.27984985167223
1422.726,16.271652154715554
1423.208,16.26347627937734
1423.69,16.255213287060517
1424.173,16.246803920467137
1424.655,16.238223351305155
1425.137,16.229374847369805
1425.619,16.220165241684438
1426.101,16.210600602666712
1426.583,16.200710263663773
1427.065,16.190519894023787
1427.547,16.180067781346757
1428.03,16.16936207244577
1428.512,16.15839803665764
1428.994,16.1471912733307
1429.476,16.135761629424117
1429.958,16.124106017712645
1430.44,16.112210250481773
1430.922,16.100094233035314
1431.404,16.087776237811664
1431.886,16.075232110582238
1432.369,16.06244728312928
1432.851,16.049392683370684
1433.333,16.03603799199325
1433.815,16.022457468025593
1434.297,16.008758788255633
1434.779,15.99499852850769
1435.261,15.98124680466112
1435.743,15.967578219459892
1436.226,15.954039525370499
1436.708,15.940744495769305
1437.19,15.927797399792397
1437.672,15.915157226805372
1438.154,15.902761102320513
1438.636,15.890525389137082
1439.118,15.878343023971322
1439.6,15.86624379844358
1440.083,15.854286788658866
1440.565,15.842445766842816
1441.047,15.830711117749223
1441.529,15.819040645931679
1442.011,15.807338704555956
1442.493,15.795662214626082
1442.975,15.784065364657113
1443.457,15.772370900607562
1443.939,15.760414975098678
1444.422,15.74799490536242
1444.904,15.734890233005713
1445.386,15.721272706204045
1445.868,15.707435064687912
1446.35,15.693451181881944
1446.832,15.679452634829136
1447.314,15.665582721030372
1447.796,15.651863261315105
1448.279,15.638652914621865
1448.76,15.62628310046965
1449.243,15.614430181287712
1449.725,15.602733479084744
1450.207,15.590731355990458
1450.689,15.57783613245972
1451.171,15.564332685061286
1451.653,15.550707021922738
1452.135,15.53675061134057
1452.617,15.522457956245484
1453.1,15.507716373148364
1453.582,15.491983106471794
1454.064,15.476308003001268
1454.546,15.461641124585805
1455.028,15.446585323505685
1455.51,15.42991493859754
1455.992,15.409419053279025
1456.474,15.382801682915728
1456.957,15.352248937663864
1457.439,15.320941156910365
1457.921,15.290884881062457
1458.403,15.264508383092597
1458.885,15.24218745492046
1459.367,15.22303372079273
1459.849,15.208628112505107
1460.331,15.200139673974997
1460.813,15.195781903814417
1461.296,15.193714196734662
1461.778,15.190530370404986
1462.26,15.182731602527596
1462.742,15.171366373812043
1463.224,15.158334846332894
1463.706,15.145647076247363
1464.188,15.135544093902743
1464.67,15.127081622463098
1465.153,15.118690815288184
1465.635,15.109062676217787
1466.117,15.096813834692686
1466.599,15.082897490291375
1467.081,15.068770060052573
1467.563,15.05554056261623
1468.045,15.044410675915449
1468.527,15.034905148191882
1469.01,15.025978687278576
1469.492,15.017273066070265
1469.974,15.00832110107816
1470.456,14.998786537672892
1470.938,14.988597414859646
1471.42,14.977264483634713
1471.902,14.964310064276777
1472.384,14.950093176931544
1472.866,14.935211952701296
1473.349,14.920020298689039
1473.831,14.904978438001029
1474.313,14.89052274383917
1474.795,14.87692918787223
1475.277,14.86479855651713
1475.759,14.854703812240128
1476.241,14.84645379209622
1476.723,14.839656805695679
1477.206,14.834027443260263
1477.688,14.829179199906159
1478.17,14.824943502706725
1478.652,14.82127843031686
1479.134,14.817869834401689
1479.616,14.814420328824529
1480.098,14.810966283698876
1480.58,14.807601083591953
1481.062,14.804447909383018
1481.544,14.801674975924557
1482.027,14.799243954460566
1482.509,14.797059683400162
1482.991,14.795132622683061
1483.473,14.793468805031816
1483.955,14.792071525939933
1484.437,14.790964106392886
1484.919,14.79013504621777
1485.401,14.789569479819408
1485.884,14.789311974613243
1486.366,14.789420009047385
1486.848,14.789930244700138
1487.33,14.790884653033594
1487.812,14.792315810849356
1488.294,14.794238726743185
1488.776,14.79669809927641
1489.258,14.799742300589939
1489.74,14.80334840801644
1490.223,14.807482618922363
1490.705,14.812151215313884
1491.187,14.81734433730406
1491.669,14.823085405333117
1492.151,14.829442621068527
1492.633,14.836355171557079
1493.115,14.84376155200642
1493.597,14.85180339695796
1494.08,14.860610574904761
1494.562,14.870325116769749
1495.044,14.881108894383171
1495.526,14.892789674274045
1496.008,14.90507573417925
1496.49,14.917917272308667
1496.972,14.931211317587639
1497.454,14.944750174258639
1497.937,14.958430663276168
1498.419,14.971835116540685
1498.901,14.984570642565112
1499.383,14.996952986870982
1499.865,15.009366509121792
1500.347,15.02226304243047
1500.829,15.036210848081335
1501.311,15.050960246488179
1501.793,15.066092603183943
1502.276,15.081787069827213
1502.758,15.09796734546456
1503.24,15.114820800791442
1503.722,15.132870996450277
1504.204,15.150860075366458
1504.686,15.16782003500812
1505.168,15.184593219367915
1505.65,15.201600529090541
1506.133,15.221800725719662
1506.615,15.247899889650057
1507.097,15.27710485055965
1507.579,15.306255436495855
1508.061,15.330427652832796
1508.543,15.34465524210875
1509.025,15.351440376176953
1509.507,15.354678251396354
1509.99,15.358317814604122
1510.471,15.36667887964257
1510.954,15.378403031687325
1511.436,15.390742893057617
1511.918,15.401973097147687
1512.4,15.410159382741792
1512.882,15.416142921281926
1513.364,15.421600488749705
1513.846,15.427542588474054
1514.328,15.435011244622883
1514.811,15.443911955668776
1515.293,15.453883638008636
1515.775,15.464485260145379
1516.257,15.475224571461167
1516.739,15.486806931368243
1517.221,15.500041344451601
1517.703,15.515598011207292
1518.185,15.534167170353795
1518.667,15.555006218922275
1519.15,15.576822435917286
1519.632,15.599082611965786
1520.114,15.621108767695524
1520.596,15.641904370946458
1521.078,15.660747922112122
1521.56,15.676372277900818
1522.042,15.68756259908179
1522.524,15.694791837330367
1523.007,15.699008747259741
1523.489,15.700865576504803
1523.971,15.701253868405901
1524.453,15.700675377893704
1524.935,15.69937626752033
1525.417,15.698272406703557
1525.899,15.69823480567428
1526.381,15.699336127825072
1526.864,15.701555769729703
1527.346,15.70463319143085
1527.828,15.708207448310198
1528.31,15.712689244441325
1528.792,15.718593477387316
1529.274,15.726265520976659
1529.756,15.736047561004415
1530.238,15.747725008919923
1530.72,15.760869811820756
1531.203,15.775266319716462
1531.685,15.790631186227902
1532.167,15.80667255770722
1532.649,15.823166383477414
1533.131,15.839686350965438
1533.613,15.855813981651044
1534.095,15.871467663191083
1534.577,15.886627684459606
1535.06,15.901313014755246
1535.542,15.915584014010237
1536.024,15.929274618576338
1536.506,15.942180833050193
1536.988,15.954174846047792
1537.47,15.965136295357437
1537.952,15.975071071142825
1538.434,15.984038810561508
1538.917,15.992061837447645
1539.398,15.99918414491979
1539.881,16.005443540785333
1540.363,16.01087006665776
1540.845,16.015551004802038
1541.327,16.019575238534202
1541.809,16.02298653006887
1542.291,16.025836222193895
1542.773,16.028135721449797
1543.255,16.02989316795481
1543.738,16.031219347162903
1544.22,16.032231914960885
1544.702,16.033041610852038
1545.184,16.033759328175744
1545.666,16.034382387187392
1546.148,16.03486278405586
1546.63,16.03519926355551
1547.112,16.03537990756816
1547.594,16.035365953604302
1548.077,16.035129089106324
1548.559,16.0346278454643
1549.041,16.03381755603521
1549.523,16.032730853325074
1550.005,16.031441053485803
1550.487,16.029964160972963
1550.969,16.028322654122583
1551.451,16.026627498435
1551.934,16.024987756968986
1552.416,16.023502134542962
1552.898,16.022285261268802
1553.38,16.02132653188391
1553.862,16.020544639614183
1554.344,16.020013835845724
1554.826,16.019798771210993
1555.308,16.01977482336323
1555.791,16.019844217240067
1556.273,16.01986248535113
1556.755,16.01967802913847
1557.237,16.019521985840807
1557.719,16.019760096286355
1558.201,16.020566057805944
1558.683,16.02215379579238
1559.165,16.02481033825912
1559.647,16.02874314310304
1560.13,16.034316061983887
1560.612,16.041874214472436
1561.094,16.051291660856503
1561.576,16.06231230707574
1562.058,16.07474614942037
1562.54,16.08833941924801
1563.022,16.1029671434427
1563.504,16.118574375363913
1563.987,16.13494202830418
1564.469,16.15185919652968
1564.951,16.16929234285942
1565.433,16.18723376463226
1565.915,16.205708908947667
1566.397,16.224764226952377
1566.879,16.24431782504098
1567.361,16.264263416665155
1567.844,16.284524803615902
1568.325,16.30502634341844
1568.808,16.325754315489696
1569.29,16.346708868216894
1569.772,16.367886400729667
1570.254,16.389293905848916
1570.736,16.410877587388036
1571.218,16.432570421557603
1571.7,16.454361132499
1572.182,16.476229160175958
1572.665,16.498164700416297
1573.147,16.52019855542967
1573.629,16.54225424869677
1574.111,16.56425319805936
1574.593,16.586314756710237
1575.075,16.608560564055946
1575.557,16.63109805127769
1576.039,16.654049303597997
1576.521,16.6772802158728
1577.004,16.70054260496106
1577.486,16.72378768793795
1577.968,16.74694168938091
1578.45,16.7697541478354
1578.932,16.79202433414846
1579.414,16.813451876647324
1579.896,16.83373614898695
1580.378,16.85305040954772
1580.861,16.8717190541532
1581.343,16.88989420422089
1581.825,16.90778352416285
1582.307,16.925596017821942
1582.789,16.94345207191309
1583.271,16.9616609518614
1583.753,16.98051502870622
1584.235,16.9998790303328
1584.718,17.01951437831797
1585.2,17.03921415960219
1585.682,17.05871670596637
1586.164,17.077933576623817
1586.646,17.0968454694075
1587.128,17.115291420476094
1587.61,17.133123842341195
1588.092,17.150295427132768
1588.574,17.16676511269741
1589.057,17.18255306842383
1589.539,17.19769630842934
1590.021,17.212118806783856
1590.503,17.22573787905462
1590.985,17.238478230554087
1591.467,17.25027310647458
1591.949,17.26116756618879
1592.431,17.271236433670715
1592.914,17.280560687956896
1593.396,17.2892376475297
1593.878,17.29729036912426
1594.36,17.304730841487775
1594.842,17.31160978245406
1595.324,17.31797254911888
1595.806,17.323909249877747
1596.288,17.32953896715933
1596.771,17.334905285961913
1597.252,17.34005509484026
1597.735,17.34511177397192
1598.217,17.35017993423237
1598.699,17.35540416682037
1599.181,17.360919296913202
1599.663,17.366668739137964
1600.145,17.372543712033806
1600.627,17.37845262365375
1601.109,17.384276995748614
1601.592,17.38997348226046
1602.074,17.395525987108016
1602.556,17.400847129969804
1603.038,17.40585555049147
1603.52,17.41050603636107
1604.002,17.414745488799873
1604.484,17.418573599703436
1604.966,17.421996836122005
1605.448,17.42492849211452
1605.931,17.427281646316153
1606.413,17.428970221529895
1606.895,17.42991173470435
1607.377,17.43014501072664
1607.859,17.429750890931604
1608.341,17.42877708860801
1608.823,17.42728809034606
1609.305,17.425340448865693
1609.788,17.42297593492173
1610.27,17.420280177245125
1610.752,17.417338982127657
1611.234,17.41417216726611
1611.716,17.410787504992292
1612.198,17.407192788350155
1612.68,17.403388566396263
1613.162,17.399412540759624
1613.645,17.39531337134133
1614.127,17.39112087493503
1614.609,17.38686458000393
1615.091,17.382574583834327
1615.573,17.378277077699853
1616.055,17.37399896639947
1616.537,17.36976783989713
1617.019,17.36560305628554
1617.501,17.361518199314983
1617.984,17.35753905775231
1618.466,17.35368890961604
1618.948,17.349971520927365
1619.43,17.346392944485277
1619.912,17.34294928774594
1620.394,17.339630453003668
1620.876,17.336471327291402
1621.358,17.33351663561269
1621.841,17.330773102078673
1622.323,17.328254693960773
1622.805,17.325972527329945
1623.287,17.32390931533987
1623.769,17.322120375175558
1624.251,17.320663539960417
1624.733,17.31945021645219
1625.215,17.318384869873388
1625.698,17.31739475589903
1626.179,17.316392073205762
1626.662,17.315452360379226
1627.144,17.31473373120399
1627.626,17.31423070638523
1628.108,17.31394985037305
1628.59,17.31407120029736
1629.072,17.314741546155577
1629.554,17.316161398046365
1630.036,17.318533324995975
1630.519,17.321676348839762
1631.001,17.325273186466397
1631.483,17.329178931099595
1631.965,17.33320411653867
1632.447,17.337090783998768
1632.929,17.340649531186074
1633.411,17.343545791730577
1633.893,17.345451474163415
1634.375,17.346462422747077
1634.858,17.346794045823167
1635.34,17.346563290921466
1635.822,17.34594124588229
1636.304,17.345024716887345
1636.786,17.343835776371524
1637.268,17.342562539694313
1637.75,17.3413850761497
1638.232,17.34021383096521
1638.715,17.338909917361747
1639.197,17.33734291899116
1639.679,17.33534579158216
1640.161,17.3329104057477
1640.643,17.330091060939218
1641.125,17.326809059958656
1641.607,17.32299652854868
1642.089,17.31868367714397
1642.572,17.31387411376801
1643.054,17.308639866236906
1643.536,17.303094171274548
1644.018,17.29708289670813
1644.5,17.290402805342662
1644.982,17.2830956030855
1645.464,17.275143830555827
1645.946,17.266573846562437
1646.428,17.25759274685368
1646.911,17.247848782201505
1647.393,17.237029925735083
1647.875,17.2257637411808
1648.357,17.214634167184677
1648.839,17.204491806765212
1649.321,17.196306394650176
1649.803,17.189367052905734
1650.285,17.182560517866673
1650.768,17.175714008999286
1651.25,17.168357558838867
1651.732,17.160412510424354
1652.214,17.15243334151079
1652.696,17.142893916874723
1653.178,17.130549610364305
1653.66,17.11704906223265
1654.142,17.103936287686338
1654.625,17.094582259707447
1655.106,17.09229498317256
1655.589,17.094981295168246
1656.071,17.099722749001867
1656.553,17.103082085664177
1657.035,17.10139521875138
1657.517,17.0959132995904
1657.999,17.08897190637247
1658.481,17.08236832759485
1658.963,17.07815559174184
1659.446,17.075460545316243
1659.928,17.07264124042519
1660.41,17.068903808653307
1660.892,17.06334236471209
1661.374,17.05633890255137
1661.856,17.048801782377893
1662.338,17.04090084882391
1662.82,17.03286507024012
1663.302,17.025039904566746
1663.785,17.01758892836416
1664.267,17.010978174492873
1664.749,17.00567635056082
1665.231,17.001381876006548
1665.713,16.997569380930372
1666.195,16.993956511090552
1666.677,16.9901683487554
1667.159,16.985859652067827
1667.642,16.980829327301958
1668.124,16.9745744890024
1668.606,16.96661889918156
1669.088,16.957149731325366
1669.57,16.946513431618207
1670.052,16.93500244574623
1670.534,16.922997520574967
1671.016,16.910612727370307
1671.499,16.897850016687297
1671.981,16.884955081470483
1672.463,16.872151666070938
1672.945,16.85947009549812
1673.427,16.846935334708874
1673.909,16.834461965661745
1674.391,16.821934837950057
1674.873,16.80949549947822
1675.355,16.797313418886365
1675.838,16.785510888763994
1676.32,16.77421479859802
1676.802,16.7633465622093
1677.284,16.75274854833491
1677.766,16.74236801427651
1678.248,16.73212835675184
1678.73,16.721921267812995
1679.212,16.711673653202162
1679.695,16.701218595265477
1680.177,16.690396730944066
1680.659,16.679261530487597
1681.141,16.667908809893643
1681.623,16.656440312569462
1682.105,16.644985616254495
1682.587,16.633536119472975
1683.069,16.622047420885984
1683.552,16.610556705108657
1684.033,16.599092065485827
1684.516,16.58769421047865
1684.998,16.57643682282177
1685.48,16.565307265076953
1685.962,16.554289075648693
1686.444,16.543500992237867
1686.926,16.533061727992802
1687.408,16.523082003199345
1687.89,16.513675490595404
1688.373,16.50478368072853
1688.855,16.496271810325634
1689.337,16.488105563038147
1689.819,16.480233623876085
1690.301,16.472509972674537
1690.783,16.464806088009645
1691.265,16.45696519842464
1691.747,16.448824288287458
1692.229,16.440424398565177
1692.712,16.43189937550301
1693.194,16.42325810854775
1693.676,16.41452012018941
1694.158,16.405856763343824
1694.64,16.39741210109728
1695.122,16.389307601211588
1695.604,16.381710542173543
1696.086,16.374478494908242
1696.569,16.367320246556478
1697.051,16.36038676946557
1697.533,16.353729608190537
1698.015,16.347027422603645
1698.497,16.34008634065826
1698.979,16.332071823588095
1699.461,16.322217520770018
1699.943,16.311112445392194
1700.426,16.299465985544504
1700.908,16.28840450734399
1701.39,16.279094385268234
1701.872,16.270997916867092
1702.354,16.263281591142555
1702.836,16.255128022066565
1703.318,16.24564551608271
1703.8,16.23529078423474
1704.282,16.224855711041748
1704.765,16.214847516245396
1705.247,16.20584420130202
1705.729,16.197784779672688
1706.211,16.19037690854187
1706.693,16.183638051893272
1707.175,16.17753322591158
1707.657,16.17205242233824
1708.139,16.167256418986693
1708.622,16.162966755925872
1709.104,16.15898743595444
1709.586,16.15538507184367
1710.068,16.152225965275083
1710.55,16.149609995488348
1711.032,16.14761866402075
1711.514,16.14602403280578
1711.996,16.14448382851767
1712.479,16.1426465268033
1712.96,16.140217462946797
1713.443,16.136904498529493
1713.925,16.132404783810017
1714.407,16.126923074320093
1714.889,16.120602530294736
1715.371,16.11321765110177
1715.853,16.10480938509588
1716.335,16.09452743586433
1716.817,16.08162187249899
1717.3,16.06738220972744
1717.782,16.053258244276197
1718.264,16.0410723489875
1718.746,16.032715141823434
1719.228,16.027541286219897
1719.71,16.024221278818384
1720.192,16.02196062474176
1720.674,16.0197705573341
1721.156,16.017460440856144
1721.639,16.015226107736083
1722.121,16.012714971232782
1722.603,16.009598319195536
1723.085,16.005997516603863
1723.567,16.002160226943317
1724.049,15.998203392125065
1724.531,15.994316148527588
1725.013,15.99082996550929
1725.496,15.987990789039635
1725.978,15.98619190506871
1726.46,15.985835124266663
1726.942,15.986652909054818
1727.424,15.988127355780579
1727.906,15.990091874818276
1728.388,15.992307847046034
1728.87,15.99430392626434
1729.353,15.995731820864298
1729.835,15.996022236755543
1730.317,15.994606850175725
1730.799,15.991815108727797
1731.281,15.988278025135264
1731.763,15.984274074178472
1732.245,15.980186510197958
1732.727,15.976499507532886
1733.209,15.97353946359655
1733.692,15.971949839595261
1734.174,15.97236130884008
1734.656,15.9745076302055
1735.138,15.977858020330203
1735.62,15.982116740936883
1736.102,15.986878660660448
1736.584,15.991822993970846
1737.066,15.996781344260276
1737.549,16.001275586612277
1738.031,16.004841083507372
1738.513,16.007639140787802
1738.995,16.009994655368192
1739.477,16.012117465956003
1739.959,16.014295474081447
1740.441,16.01668144157081
1740.923,16.019317172189073
1741.406,16.022462734739218
1741.887,16.0263661893797
1742.37,16.030916872423845
1742.852,16.03592052270162
1743.334,16.04122655303674
1743.816,16.046638359233448
1744.298,16.05207522693609
1744.78,16.057525493173845
1745.262,16.062845197148583
1745.744,16.067903228754925
1746.227,16.07274977846623
1746.709,16.07746998375015
1747.191,16.08215973104162
1747.673,16.086940991390616
1748.155,16.091833482178444
1748.637,16.09682499397857
1749.119,16.10196715406989
1749.601,16.10730510892768
1750.083,16.112861026558807
1750.566,16.118662692170055
1751.048,16.12470293840262
1751.53,16.130969194116446
1752.012,16.137503541887472
1752.494,16.14435006345216
1752.976,16.151551033467204
1753.458,16.159147042636043
1753.94,16.167119513590517
1754.423,16.175430957504336
1754.905,16.18405577380552
1755.387,16.19296049473434
1755.869,16.20212544121301
1756.351,16.21153810971973
1756.833,16.221164862073074
1757.315,16.230973055744137
1757.797,16.24094722098958
1758.28,16.251071797624558
1758.762,16.261342991659465
1759.244,16.271759261112937
1759.726,16.282293006768384
1760.208,16.29291536806054
1760.69,16.3035990648117
1761.172,16.314317826218215
1761.654,16.325074728592774
1762.136,16.33588286018392
1762.619,16.346748641597515
1763.101,16.35768247229396
1763.583,16.368690524333516
1764.065,16.37977577462507
1764.547,16.39095087615841
1765.029,16.402228434544167
1765.511,16.41361054868037
1765.993,16.425097777979968
1766.476,16.436688466161158
1766.958,16.448379951238188
1767.44,16.460176997314168
1767.922,16.472085260574936
1768.404,16.484110385077734
1768.886,16.496257003957584
1769.368,16.508523208921986
1769.85,16.520906139685042
1770.333,16.53339856109905
1770.814,16.545992412894577
1771.297,16.55868988038963
1771.779,16.57149306351712
1772.261,16.5844042664108
1772.743,16.59742619508413
1773.225,16.610546441670586
1773.707,16.623748101404214
1774.189,16.637022219546797
1774.671,16.650358047280353
1775.154,16.66374622476147
1775.636,16.677182164379655
1776.118,16.690649745532124
1776.6,16.7041356542449
1777.082,16.71764772620902
1777.564,16.731195793305414
1778.046,16.74480065835162
1778.528,16.758486147631984
1779.01,16.772246601045577
1779.493,16.786073749144254
1779.975,16.799964635235668
1780.457,16.8139142154059
1780.939,16.827945482367024
1781.421,16.8420924486471
1781.903,16.85636604442423
1782.385,16.870779547637106
1782.867,16.88535815897707
1783.35,16.900118418894134
1783.832,16.915094717349596
1784.314,16.930317317197648
1784.796,16.945760676459496
1785.278,16.961386521734358
1785.76,16.97715323922791
1786.242,16.993011137551925
1786.724,17.00894555160089
1787.207,17.024949595113736
1787.689,17.040996612345182
1788.171,17.057062503937175
1788.653,17.073114920349877
1789.135,17.089112913671016
1789.617,17.10504135697878
1790.099,17.120885301195763
1790.581,17.136600225305568
1791.063,17.152146299946875
1791.546,17.167474336372937
1792.028,17.182537943699334
1792.51,17.19735129471226
1792.992,17.211946346389407
1793.474,17.22634661443204
1793.956,17.240584245524015
1794.438,17.2546733719507
1794.92,17.268619960746296
1795.403,17.282452779642703
1795.885,17.296199398984413
1796.367,17.309869646593558
1796.849,17.32347370922829
1797.331,17.337009735712567
1797.813,17.35047352127669
1798.295,17.363888542466952
1798.777,17.377280259941582
1799.26,17.390671308366926
1799.741,17.40408405024188
1800.224,17.417512728349568
1800.706,17.430941402813414
1801.188,17.444363937854835
1801.67,17.457770514110873
1802.152,17.47115109766014
1802.634,17.484499294989632
1803.116,17.497797965737615
1803.598,17.511030072762022
1804.081,17.524197295980738
1804.563,17.53730486136729
1805.045,17.550357865342953
1805.527,17.563363412683895
1806.009,17.576317753761174
1806.491,17.589213976005464
1806.973,17.602050594178852
1807.455,17.614825644944506
1807.938,17.62753752449852
1808.42,17.640185861516393
1808.902,17.65276724836454
1809.384,17.665278135910025
1809.866,17.677718871258584
1810.348,17.690089948360132
1810.83,17.70239200261509
1811.312,17.71462578842551
1811.794,17.726787862265077
1812.277,17.738873349590456
1812.759,17.750878966151543
1813.241,17.76280103343613
1813.723,17.77463571536483
1814.205,17.786379764218125
1814.687,17.79802884561924
1815.169,17.809578601659272
1815.651,17.821027450957747
1816.134,17.832374699694146
1816.616,17.84361861022885
1817.098,17.854757814277274
1817.58,17.865791269298043
1818.062,17.876717454653893
1818.544,17.887536003281568
1819.026,17.898246600179387
1819.508,17.908846001262607
1819.99,17.919330248371956
1820.473,17.929696324103492
1820.955,17.939940914267137
1821.437,17.950061424095278
1821.919,17.960056044226445
1822.401,17.969921490928048
1822.883,17.97965481384841
1823.365,17.989255722036685
1823.847,17.99872434041025
1824.33,18.00806165500635
1824.812,18.0172691028926
1825.294,18.0263454615971
1825.776,18.035289165439494
1826.258,18.04409963406857
1826.74,18.052776138389593
1827.222,18.061319690425538
1827.704,18.06973224578238
1828.187,18.078013740901753
1828.668,18.08616427891092
1829.151,18.094185852907405
1829.633,18.102079979781518
1830.115,18.10984930480647
1830.597,18.117496326723362
1831.079,18.125018709640706
1831.561,18.132412823526867
1832.043,18.13967578088167
1832.525,18.146804058014325
1833.008,18.1537958359757
1833.49,18.160650129609696
1833.972,18.167363955358052
1834.454,18.17393455907697
1834.936,18.1803609864227
1835.418,18.186642259045705
1835.9,18.1927787382598
1836.382,18.198771126977025
1836.865,18.20461707306118
1837.347,18.210314010527824
1837.829,18.215860119238272
1838.311,18.221253522684183
1838.793,18.226495206397477
1839.275,18.231587536850146
1839.757,18.236530831012377
1840.239,18.241325816007603
1840.721,18.245975175801043
1841.204,18.2504812096596
1841.686,18.254847549995038
1842.168,18.259077976105402
1842.65,18.263171443055228
1843.132,18.267125611478694
1843.614,18.270939835373003
1844.096,18.27461296715464
1844.578,18.27814470844624
1845.061,18.28153590261999
1845.543,18.284785046307928
1846.025,18.287891015171777
1846.507,18.29085686708331
1846.989,18.293686274289303
1847.471,18.296383851192534
1847.953,18.29895481218901
1848.435,18.301400362244372
1848.917,18.303720952878038
1849.4,18.30591867490941
1849.882,18.307995232239247
1850.364,18.309954079678402
1850.846,18.311799859270025
1851.328,18.313534005058543
1851.81,18.315157922361138
1852.292,18.316676453153196
1852.774,18.318093789313693
1853.257,18.319414979362758
1853.739,18.32064483029124
1854.221,18.32178088005339
1854.703,18.32281820776967
1855.185,18.323753975332384
1855.667,18.324584272174707
1856.149,18.325305393192565
1856.631,18.325914653633674
1857.114,18.326406356172416
1857.595,18.326774790877835
1858.078,18.32701947135031
1858.56,18.327140842816732
1859.042,18.327139044492853
1859.524,18.327014813362187
1860.006,18.32676576679388
1860.488,18.32638840111572
1860.97,18.325881477663312
1861.452,18.325243411988176
1861.935,18.324471560667952
1862.417,18.323563741854397
1862.899,18.322515780654687
1863.381,18.32132332694829
1863.863,18.319986019857684
1864.345,18.31850379750292
1864.827,18.316876267048944
1865.309,18.3151034066209
1865.792,18.313181123935713
1866.274,18.311103737067754
1866.756,18.30886882045514
1867.238,18.306473722443634
1867.72,18.30391387038731
1868.202,18.301185826807135
1868.684,18.29828439106962
1869.166,18.295204777446322
1869.648,18.29194965268818
1870.131,18.288523907414433
1870.613,18.28493133255639
1871.095,18.281176870429633
1871.577,18.27726373358877
1872.059,18.27319413093977
1872.541,18.268973260512723
1873.023,18.264606280598365
1873.505,18.260095210138203
1873.988,18.255441865430956
1874.47,18.25064728602298
1874.952,18.245712158734307
1875.434,18.24064058373377
1875.916,18.23543732475674
1876.398,18.23010599375694
1876.88,18.22465041660454
1877.362,18.219072854222567
1877.844,18.21337460036085
1878.327,18.207558819932864
1878.809,18.201628526935455
1879.291,18.19558460441231
1879.773,18.18942812276319
1880.255,18.18315951346574
1880.737,18.176779053648325
1881.219,18.17029085330177
1881.701,18.16370023352943
1882.184,18.15701069169891
1882.666,18.150226057725515
1883.148,18.14335038921781
1883.63,18.136386856915163
1884.112,18.129340185132808
1884.594,18.122214825648317
1885.076,18.11501096512113
1885.558,18.107727680861878
1886.041,18.100364282920584
1886.522,18.092919432466168
1887.005,18.08539346185209
1887.487,18.077787314665215
1887.969,18.070100290929428
1888.451,18.062331772128175
1888.933,18.054482128669342
1889.415,18.046551600583612
1889.897,18.038541306476024
1890.379,18.030452508939444
1890.862,18.022284508411868
1891.344,18.01403644060789
1891.826,18.005707722989957
1892.308,17.997297739315602
1892.79,17.988807721742916
1893.272,17.98023966608699
1893.754,17.97159460677562
1894.236,17.962873816667795
1894.719,17.95407916351606
1895.201,17.94521228579697
1895.683,17.93627553937552
1896.165,17.92727133713194
1896.647,17.91820009040747
1897.129,17.909061692466256
1897.611,17.89985664321864
1898.093,17.890585266674044
1898.575,17.881248286745905
1899.058,17.871846869360375
1899.54,17.862381464717252
1900.022,17.85285265383127
1900.504,17.843262429749366
1900.986,17.833613122168497
1901.468,17.823907133897208
1901.95,17.814147104727446
1902.432,17.80433498986072
1902.915,17.794472560650455
1903.397,17.78456212116962
1903.879,17.774605965632514
1904.361,17.764606276312676
1904.843,17.754565344492885
1905.325,17.74448515839377
1905.807,17.734367694949416
1906.289,17.724215508256343
1906.771,17.714031188765293
1907.254,17.703817319787163
1907.736,17.693576495739144
1908.218,17.68331068748259
1908.7,17.67302163796455
1909.182,17.662711337203152
1909.664,17.652381704686086
1910.146,17.64203459176245
1910.628,17.631671925130554
1911.111,17.621295448116854
1911.593,17.610906891881537
1912.075,17.600508438590772
1912.557,17.590102406171503
1913.039,17.579690954725663
1913.521,17.569276279224145
1914.003,17.558860597946424
1914.485,17.548446049800248
1914.968,17.53803485546308
1915.449,17.52762923611593
1915.932,17.51723105109487
1916.414,17.506842003520273
1916.896,17.4964640264299
1917.378,17.486098995156485
1917.86,17.47574854829249
1918.342,17.46541438246803
1918.824,17.455098019834875
1919.306,17.44480095681704
1919.789,17.43452535328453
1920.271,17.424273552792485
1920.753,17.414047609798363
1921.235,17.403849646933587
1921.717,17.39368172866246
1922.199,17.383545739499823
1922.681,17.37344393542468
1923.163,17.36337850455185
1923.646,17.353350869802636
1924.128,17.343362330986334
1924.61,17.333414043068295
1925.092,17.323507046141376
1925.574,17.313643086117434
1926.056,17.303824047481427
1926.538,17.294051479839137
1927.02,17.28432700313174
1927.502,17.274651977620078
1927.985,17.265027538964354
1928.467,17.25545543891763
1928.949,17.245937437314783
1929.431,17.236474533926696
1929.913,17.22706782319931
1930.395,17.217718282628002
1930.877,17.20842690818223
1931.359,17.199196107750012
1931.842,17.19002878990189
1932.324,17.180927318773204
1932.806,17.17189425349364
1933.288,17.16293228948566
1933.77,17.154043896266007
1934.252,17.145232155862214
1934.734,17.13650014370263
1935.216,17.127849574194773
1935.698,17.119281868880392
1936.181,17.11079862876453
1936.663,17.10240128234164
1937.145,17.09409189457672
1937.627,17.08587281531307
1938.109,17.077745734829364
1938.591,17.069712430440077
1939.073,17.06177521383538
1939.555,17.053936322787944
1940.038,17.04619850962992
1940.52,17.038564587284544
1941.002,17.031036132690566
1941.484,17.023614591344106
1941.966,17.016301551216003
1942.448,17.009098469870338
1942.93,17.00200793424757
1943.412,16.995032968888818
1943.895,16.988175599378994
1944.376,16.981437895690288
1944.859,16.974822492604982
1945.341,16.968331662383743
1945.823,16.961968222676028
1946.305,16.955734830346326
1946.787,16.949631852832603
1947.269,16.943658996388873
1947.751,16.937816161246086
1948.233,16.93210287628041
1948.716,16.92651940325279
1949.198,16.92106628741081
1949.68,16.915743152949013
1950.162,16.910549635784367
1950.644,16.905485979669496
1951.126,16.90055234990497
1951.608,16.895749357478664
1952.09,16.891077667898973
1952.573,16.886536779763365
1953.055,16.88212606070044
1953.537,16.877845015466185
1954.019,16.87369309311216
1954.501,16.869670779248715
1954.983,16.86577896351286
1955.465,16.862017926793378
1955.947,16.858388056581973
1956.429,16.854890039924435
1956.912,16.851524378266525
1957.394,16.848292010423535
1957.876,16.845193860193085
1958.358,16.84222957317663
1958.84,16.83939847336206
1959.322,16.836700124818435
1959.804,16.834133934414215
1960.286,16.831699733780443
1960.769,16.829397602698773
1961.251,16.827227069082024
1961.733,16.82518773202486
1962.215,16.82327981590752
1962.697,16.82150357862319
1963.179,16.819859593846207
1963.661,16.81834852103443
1964.143,16.816970163542493
1964.625,16.815724220543327
1965.108,16.81461056645833
1965.59,16.813629011976982
1966.072,16.812780046355755
1966.554,16.81206443572878
1967.036,16.81148235750412
1967.518,16.811034038615382
1968.0,16.810720042869594
1968.482,16.810540732095138
1968.965,16.81049687190532
1969.447,16.81058914001874
1969.929,16.81081685228209
1970.411,16.81117899499873
1970.893,16.81167455760118
1971.375,16.812302330206087
1971.857,16.813061838028368
1972.339,16.813952806064613
1972.822,16.814974430854058
1973.303,16.816125966695925
1973.786,16.817406696667057
1974.268,16.81881574303304
1974.75,16.820352790968506
1975.232,16.822017551123327
1975.714,16.82380890039676
1976.196,16.825725758565508
1976.678,16.82776695904295
1977.16,16.829931353701763
1977.643,16.832219104392223
1978.125,16.834630807935472
1978.607,16.83716663911679
1979.089,16.83982694870149
1979.571,16.842612022268447
1980.053,16.845521934265882
1980.535,16.848557325542476
1981.017,16.851718809458575
1981.5,16.855006014676224
1981.982,16.858418407018075
1982.464,16.8619553972126
1982.946,16.8656162637219
1983.428,16.86940101606011
1983.91,16.873309850109454
1984.392,16.87734252091923
1984.874,16.881498843804245
1985.356,16.88577856595984
1985.839,16.89018123291048
1986.321,16.89470692998038
1986.803,16.899355727973532
1987.285,16.904126822201523
1987.767,16.909019402593415
1988.249,16.91403254360536
1988.731,16.9191652456311
1989.213,16.924417747389757
1989.696,16.929790672981476
1990.178,16.93528396168647
1990.66,16.94089765537979
1991.142,16.94663186260004
1991.624,16.952486348439873
1992.106,16.958461526368755
1992.588,16.964557666309947
1993.07,16.9707734034862
1993.552,16.977107031184758
1994.035,16.98355665276861
1994.517,16.99012011112355
1994.999,16.996796413872463
1995.481,17.00358480294249
1995.963,17.01048385313316
1996.445,17.017492218430903
1996.927,17.024608222891835
1997.409,17.03182983542401
1997.892,17.039155955415897
1998.374,17.046585465406075
1998.856,17.05411602481077
1999.338,17.06174540786738
1999.82,17.06947111300525
2000.302,17.077290650647523
2000.784,17.08520373727946
2001.266,17.093210782130114
2001.749,17.101311476466492
2002.23,17.109505797719752
2002.713,17.117793521671576
2003.195,17.126174016461775
2003.677,17.134647672166114
2004.159,17.14321479912802
2004.641,17.151873944387425
2005.123,17.160623396890724
2005.605,17.169461238989353
2006.087,17.178385289975346
2006.57,17.18739490170728
2007.052,17.196489777981164
2007.534,17.20566869522654
2008.016,17.214930573498943
2008.498,17.224274058820015
2008.98,17.233697270972495
2009.462,17.243199700153387
2009.944,17.25278080467899
2010.427,17.262437825495958
2010.909,17.27216801984674
2011.391,17.281968418072367
2011.873,17.29183587494856
2012.355,17.30177046617159
2012.837,17.311773359559492
2013.319,17.321843824145247
2013.801,17.331981437290793
2014.283,17.342186355647897
2014.766,17.352457910057375
2015.248,17.36279713361498
2015.73,17.373204792871526
2016.212,17.383677029292343
2016.694,17.394208969482392
2017.176,17.404795755736167
2017.658,17.415431880066816
2018.14,17.426114584057323
2018.623,17.436841937894954
2019.105,17.447610035762754
2019.587,17.458415281141658
2020.069,17.46925448257526
2020.551,17.480123882663605
2021.033,17.49102200194536
2021.515,17.501947595250698
2021.997,17.512895770827377
2022.479,17.52386173486511
2022.962,17.53484093586729
2023.444,17.545828830011445
2023.926,17.556825905093156
2024.408,17.567834720855966
2024.89,17.578855199186368
2025.372,17.589887981774893
2025.854,17.600935536617747
2026.336,17.611999608215882
2026.819,17.623084165167633
2027.301,17.634193311357482
2027.783,17.64532472342194
2028.265,17.65647447531353
2028.747,17.667640464547063
2029.229,17.67881988505105
2029.711,17.69001164681489
2030.193,17.701216144938208
2030.676,17.712430667358912
2031.157,17.72365298158368
2031.64,17.734885538876746
2032.122,17.746131283295995
2032.604,17.757394704778555
2033.086,17.768680957138553
2033.568,17.779989786765764
2034.05,17.791320037378995
2034.532,17.80267237749822
2035.014,17.814046935540087
2035.497,17.82544683766111
2035.979,17.836876919374657
2036.461,17.848337620777514
2036.943,17.859829393572646
2037.425,17.87135695929484
2037.907,17.882924010712962
2038.389,17.894535611372373
2038.871,17.906196441210163
2039.354,17.91790121840583
2039.836,17.929641340421806
2040.318,17.94141082963051
2040.8,17.95320221472521
2041.282,17.965008576371602
2041.764,17.97682436774226
2042.246,17.988639936920585
2042.728,18.000445607291514
2043.21,18.01223841698945
2043.693,18.0240165356849
2044.175,18.035777870114927
2044.657,18.047521083989768
2045.139,18.059240590518577
2045.621,18.07092934904566
2046.103,18.08258319011073
2046.585,18.094197493906506
2047.067,18.105766579204914
2047.55,18.117285443552333
2048.032,18.128746452261407
2048.514,18.14014177492667
2048.996,18.1514686312273
2049.478,18.16272458000904
2049.96,18.173906842463726
2050.442,18.185013107211745
2050.924,18.19603573874543
2051.406,18.206965040132324
2051.889,18.217795468541617
2052.371,18.22852118202041
2052.853,18.239133922104905
2053.335,18.249626888999348
2053.817,18.25999104851126
2054.299,18.270217888765234
2054.781,18.28030839042586
2055.263,18.290266402174744
2055.746,18.300094286492634
2056.228,18.309795875108797
2056.71,18.319372998115323
2057.192,18.328826220487425
2057.674,18.33815989337272
2058.156,18.347378348331958
2058.638,18.35648168876922
2059.12,18.36546965392643
2059.603,18.374341247575572
2060.084,18.383095012069187
2060.567,18.391733611312358
2061.049,18.40026062693913
2061.531,18.40867805633281
2062.013,18.416988182510135
2062.495,18.42519192450135
2062.977,18.433289159822095
2063.459,18.441281958132816
2063.941,18.449172290752784
2064.424,18.456959330621796
2064.906,18.464642362276663
2065.388,18.47222021020009
2065.87,18.479691474615883
2066.352,18.48705908097785
2066.834,18.49432745242993
2067.316,18.501498559168084
2067.798,18.508574710803604
2068.281,18.5155591740896
2068.763,18.52245422069356
2069.245,18.52926374609654
2069.727,18.535991381399874
2070.209,18.542635097337097
2070.691,18.549191184341193
2071.173,18.55565694669428
2071.655,18.56202884302943
2072.137,18.568304404672322
2072.62,18.574481996272194
2073.102,18.580557710507247
2073.584,18.586527679596873
2074.066,18.59239103931182
2074.548,18.59814732330029
2075.03,18.603796284463535
2075.512,18.60933804808652
2075.994,18.61477036724371
2076.477,18.620090349146412
2076.959,18.62529642843116
2077.441,18.630386847026102
2077.923,18.635359950293964
2078.405,18.64021463923595
2078.887,18.644948373741627
2079.369,18.649558609600685
2079.851,18.654045300663046
2080.333,18.658408515068636
2080.816,18.66264832819746
2081.298,18.666765075448087
2081.78,18.670756155788773
2082.262,18.674617855546355
2082.744,18.678348675035384
2083.226,18.681946952641727
2083.708,18.685409743257296
2084.19,18.68873488692939
2084.673,18.691919077102977
2085.155,18.69495925546795
2085.637,18.69785743600719
2086.119,18.70061721523397
2086.601,18.70324115927841
2087.083,18.70573261638035
2087.565,18.708094216553395
2088.047,18.710327874383314
2088.53,18.7124376168414
2089.011,18.71442746189559
2089.494,18.716298483042134
2089.976,18.718051365096855
2090.458,18.719686648189345
2090.94,18.721204531530134
2091.422,18.72260755605445
2091.904,18.72389892302199
2092.386,18.72508052928191
2092.868,18.72615450325655
2093.351,18.727122912744147
2093.833,18.727987292412646
2094.315,18.728750738706168
2094.797,18.729416370943557
2095.279,18.729984740097407
2095.761,18.730456344176424
2096.243,18.73083157597365
2096.725,18.73111060635454
2097.208,18.731296916071145
2097.69,18.73139515299306
2098.172,18.731407808823647
2098.654,18.731337613305374
2099.136,18.73118817680528
2099.618,18.730962234088164
2100.1,18.730663999230273
2100.582,18.730297367714805
2101.064,18.729861204484788
2101.547,18.729352998296847
2102.029,18.72877062851482
2102.511,18.728111199390362
2102.993,18.727373609301395
2103.475,18.726557449195383
2103.957,18.725660328849226
2104.439,18.724679940280275
2104.921,18.7236152767574
2105.404,18.72246518709063
2105.886,18.72122956981759
2106.368,18.719908492364382
2106.85,18.718499539844625
2107.332,18.717000072503538
2107.814,18.71540779923333
2108.296,18.713720364109435
2108.778,18.71193772733022
2109.26,18.710060794467225
2109.743,18.70808919793992
2110.225,18.706022858240747
2110.707,18.703862443369403
2111.189,18.701608287200166
2111.671,18.699261695568914
2112.153,18.696824012615128
2112.635,18.694293868406643
2113.117,18.69166922447359
2113.6,18.68894871264994
2114.082,18.686130690906488
2114.564,18.683214322020344
2115.046,18.6801993636356
2115.528,18.677084471195585
2116.01,18.67386849757063
2116.492,18.670551920522563
2116.974,18.66713545916508
2117.457,18.66362035822155
2117.938,18.660008134929303
2118.421,18.65629874212342
2118.903,18.65249191969694
2119.385,18.64858797196825
2119.867,18.644587132674506
2120.349,18.640490601292157
2120.831,18.636300082744725
2121.313,18.63201626145835
2121.795,18.627639919518124
2122.278,18.623172736358853
2122.76,18.61861614999437
2123.242,18.613972204839673
2123.724,18.609242866453275
2124.206,18.604427728938447
2124.688,18.5995257756431
2125.17,18.594536260231468
2125.652,18.58945813301629
2126.135,18.584291316835113
2126.617,18.579036128438972
2127.099,18.573691985759428
2127.581,18.568258421510894
2128.063,18.562735556778915
2128.545,18.55712345347807
2129.027,18.551422875165404
2129.509,18.545634717325402
2129.991,18.53975860897856
2130.474,18.533794168251283
2130.956,18.527741155153578
2131.438,18.52159936609155
2131.92,18.515370135811242
2132.402,18.509055405242787
2132.884,18.50265648915602
2133.366,18.496174935536715
2133.848,18.48961257248987
2134.331,18.48297104113637
2134.813,18.476252645496494
2135.295,18.469459724193914
2135.777,18.462593180730973
2136.259,18.455653621609954
2136.741,18.448641904868637
2137.223,18.441558746984626
2137.705,18.434405516259126
2138.188,18.427183906844153
2138.67,18.419895009540323
2139.152,18.412540024756368
2139.634,18.405120753188353
2140.116,18.39763900058047
2140.598,18.39009700240343
2141.08,18.38249709799784
2141.562,18.37484063126543
2142.044,18.36712884544852
2142.527,18.359363199446413
2143.009,18.35154507868565
2143.491,18.343676704466894
2143.973,18.3357606699177
2144.455,18.32779880319067
2144.937,18.319792986431786
2145.419,18.31174567629137
2145.901,18.30365910455002
2146.384,18.295535895211163
2146.865,18.287378595069942
2147.348,18.27918799168604
2147.83,18.27096435017398
2148.312,18.262708238363558
2148.794,18.254419967919485
2149.276,18.24610025051006
2149.758,18.237750050576103
2150.24,18.22936963923256
2150.722,18.220959311214678
2151.205,18.212520149724714
2151.687,18.204053311223042
2152.169,18.19556014048621
2152.651,18.187042081998985
2153.133,18.178499791978897
2153.615,18.169933780548984
2154.097,18.16134484593691
2154.579,18.152733750224243
2155.062,18.144101624661438
2155.544,18.135449832290355
2156.026,18.12677932496114
2156.508,18.11809110022123
2156.99,18.109386644238572
2157.472,18.10066741163648
2157.954,18.091935016555936
2158.436,18.083191116584388
2158.918,18.07443652164395
2159.401,18.06567178340554
2159.883,18.056897858760504
2160.365,18.048115639488504
2160.847,18.039325997289442
2161.329,18.030530009018996
2161.811,18.021728419245346
2162.293,18.0129220420489
2162.775,18.004112614741405
2163.258,17.995302120132834
2163.74,17.98649251131645
2164.222,17.977685887382307
2164.704,17.968883993802816
2165.186,17.960088457226096
2165.668,17.951301245858208
2166.15,17.942524320289024
2166.632,17.933759469733896
2167.115,17.925008514897375
2167.597,17.91627311509335
2168.079,17.90755490890372
2168.561,17.898855889712586
2169.043,17.89017808052271
2169.525,17.8815234758616
2170.007,17.87289406914433
2170.489,17.86429151127587
2170.971,17.85571732588723
2171.454,17.84717315016207
2171.936,17.838660577026822
2172.418,17.83018118491589
2172.9,17.8217365830554
2173.382,17.813328279005102
2173.864,17.804957768843238
2174.346,17.79662672803839
2174.828,17.788336878589607
2175.311,17.7800898869307
2175.792,17.77188742270198
2176.275,17.76373114997153
2176.757,17.755622699604192
2177.239,17.747563692061394
2177.721,17.739555746515975
2178.203,17.731600383520327
2178.685,17.72369904471265
2179.167,17.715853305633644
2179.649,17.70806471548147
2180.132,17.70033457844423
2180.614,17.69266419779572
2181.096,17.685054823913042
2181.578,17.677507668811234
2182.06,17.670024331831154
2182.542,17.662606537084017
2183.024,17.655255733073464
2183.506,17.647973391899644
2183.989,17.6407610799439
2184.471,17.633620237255535
2184.953,17.626552516141086
2185.435,17.619559518896786
2185.917,17.61264216400535
2186.399,17.605801203109923
2186.881,17.599037403903505
2187.363,17.592351421394298
2187.845,17.585744265940406
2188.328,17.579217060118587
2188.81,17.57277058765376
2189.292,17.56640566409
2189.774,17.5601232375372
2190.256,17.55392416147911
2190.738,17.547809621688607
2191.22,17.541780832300297
2191.702,17.53583833264001
2192.185,17.52998262991124
2192.667,17.524214319518244
2193.149,17.5185339538318
2193.631,17.512942837691746
2194.113,17.507442611641217
2194.595,17.502034331950078
2195.077,17.49671914078123
2195.559,17.49149867699142
2196.042,17.486374430021613
2196.524,17.481348254540002
2197.006,17.476422010684935
2197.488,17.471596139565627
2197.97,17.466870692998338
2198.452,17.46224615263342
2198.934,17.457722820051377
2199.416,17.45330128784711
2199.898,17.448982458391427
2200.381,17.44476648302708
2200.863,17.440653611343308
2201.345,17.436645229420698
2201.827,17.432742822805682
2202.309,17.428948270813123
2202.791,17.425263589881013
2203.273,17.421689395815434
2203.755,17.418226076653607
2204.238,17.414874398827703
2204.719,17.4116349771396
2205.202,17.40850930879138
2205.684,17.40549931401694
2206.166,17.402605793693503
2206.648,17.399829555877083
2207.13,17.397172290989747
2207.612,17.39463535942625
2208.094,17.392220593519752
2208.576,17.389929670242672
2209.059,17.38776171358571
2209.541,17.385715069316973
2210.023,17.383788443146038
2210.505,17.381980137546382
2210.987,17.38028906800754
2211.469,17.378714472931296
2211.951,17.377254561475514
2212.433,17.375907553756626
2212.916,17.374672637108496
2213.398,17.373549019209065
2213.88,17.37253626579541
2214.362,17.3716340414973
2214.844,17.37084076823444
2215.326,17.370154673850877
2215.808,17.369574273462987
2216.29,17.36909801623848
2216.772,17.368725181547543
2217.255,17.36845542814909
2217.737,17.368287770902548
2218.219,17.368221315936832
2218.701,17.36825566092431
2219.183,17.368390265118812
2219.665,17.368624990458684
2220.147,17.368959709595284
2220.629,17.36939294471846
2221.112,17.36992288102124
2221.594,17.370548036963314
2222.076,17.37126679602429
2222.558,17.37207797123316
2223.04,17.372980674243607
2223.522,17.373973460112687
2224.004,17.375055008722473
2224.486,17.376224767718067
2224.969,17.377482288853738
2225.451,17.378827534341145
2225.933,17.380260594406817
2226.415,17.381780686229632
2226.897,17.383386986894486
2227.379,17.38507877064398
2227.861,17.38685530887547
2228.343,17.38871682834509
2228.825,17.39066384758298
2229.308,17.39269647458868
2229.79,17.394814939584112
2230.272,17.397019299566775
2230.754,17.39930935837748
2231.236,17.40168558976527
2231.718,17.40414830824039
2232.2,17.40669683109401
2232.682,17.409330437298095
2233.165,17.412047640674945
2233.646,17.414846818617956
2234.129,17.41772807804763
2234.611,17.42069160259835
2235.093,17.42373748120122
2235.575,17.426865895401743
2236.057,17.43007497634019
2236.539,17.43336218125687
2237.021,17.43672619751379
2237.503,17.44016549492582
2237.986,17.44367840406755
2238.468,17.447263862380414
2238.95,17.450919411115063
2239.432,17.454642897639058
2239.914,17.458435236423444
2240.396,17.462297802213303
2240.878,17.466232865514797
2241.36,17.47024314096254
2241.843,17.474328132925827
2242.325,17.478486900211333
2242.807,17.482719544968493
2243.289,17.487025919642257
2243.771,17.491408065343567
2244.253,17.49586912804676
2244.735,17.50040967663543
2245.217,17.505030414326324
2245.699,17.509734223170856
2246.182,17.514523282237654
2246.664,17.51940111365575
2247.146,17.524370939900255
2247.628,17.529429898571177
2248.11,17.534573418548952
2248.592,17.539797648385594
2249.074,17.545097884787584
2249.556,17.550471443873754
2250.039,17.5559165263017
2250.521,17.56142908710304
2251.003,17.5670052192631
2251.485,17.57264277656416
2251.967,17.578339600908343
2252.449,17.584094628565982
2252.931,17.589907142617744
2253.413,17.595773809597556
2253.896,17.601691044824047
2254.378,17.607656141212953
2254.86,17.613666488057234
2255.342,17.619721431439633
2255.824,17.625821525826566
2256.306,17.63196621865378
2256.788,17.63815517667064
2257.27,17.64439013845717
2257.752,17.6506730850814
2258.235,17.657005351238887
2258.717,17.66338876568678
2259.199,17.669823568896962
2259.681,17.676308512548307
2260.163,17.68284601241511
2260.645,17.689438455278783
2261.127,17.696082340553506
2261.609,17.702774356553768
2262.092,17.70951124001741
2262.573,17.716288970049554
2263.056,17.723112395785744
2263.538,17.729989976395938
2264.02,17.736922277604755
2264.502,17.74391097480375
2264.984,17.750963284691647
2265.466,17.75808367704027
2265.948,17.765283645313573
2266.43,17.77257413630933
2266.913,17.77994451896531
2267.395,17.787379915152297
2267.877,17.79486752146852
2268.359,17.80239149469325
2268.841,17.809949948490306
2269.323,17.81754625369646
2269.805,17.825170024872865
2270.287,17.83281385959208
2270.77,17.840477629649182
2271.252,17.84815717846891
2271.734,17.855868053137204
2272.216,17.86362683453587
2272.698,17.871414114200885
2273.18,17.879210193161004
2273.662,17.886993452558226
2274.144,17.894739998182153
2274.626,17.90247539944688
2275.109,17.910241171441502
2275.591,17.918051111315222
2276.073,17.925923925140665
2276.555,17.9338815949078
2277.037,17.941932430251114
2277.519,17.950114027235617
2278.001,17.958457980357885
2278.483,17.966927658583636
2278.966,17.97547417126939
2279.448,17.984035905161075
2279.93,17.99254130733239
2280.412,18.000977713396754
2280.894,18.00934289320814
2281.376,18.01760983723525
2281.858,18.025755985861505
2282.34,18.033730800322928
2282.823,18.041465721030022
2283.305,18.04893678799572
2283.787,18.056119850179527
2284.269,18.062944247408574
2284.751,18.069348319357996
2285.233,18.075258026801766
2285.715,18.080603948300546
2286.197,18.085415438638197
2286.679,18.08975630338257
2287.162,18.093668282891826
2287.644,18.097206126062044
2288.126,18.100422709361503
2288.608,18.103361507116283
2289.09,18.106087633451878
2289.572,18.108669496469012
2290.054,18.111130789752206
2290.536,18.11347707194053
2291.019,18.115742274034876
2291.5,18.11795512797943
2291.983,18.120111851791307
2292.465,18.12221471999715
2292.947,18.12425462802906
2293.429,18.12621381068151
2293.911,18.128151655709342
2294.393,18.130154519080875
2294.875,18.132237159424754
2295.357,18.13442412143083
2295.84,18.136777771598922
2296.322,18.13932952895227
2296.804,18.142189350686266
2297.286,18.1454575997449
2297.768,18.149025410591122
2298.25,18.152752624655076
2298.732,18.156491248459403
2299.214,18.160063227660903
2299.697,18.16348237722191
2300.179,18.166817595231823
2300.661,18.169998096695878
2301.143,18.17298840811614
2301.625,18.175765210839934
2302.107,18.17823776237769
2302.589,18.18056372576025
2303.071,18.182913510048664
2303.553,18.18504968595023
2304.036,18.186743967322457
2304.518,18.187761682439753
2305.0,18.187851390816704
2305.482,18.187350212998428
2305.964,18.18681544063523
2306.446,18.186464883629604
2306.928,18.186577807243633
2307.41,18.187597781217196
2307.893,18.189842589052024
2308.375,18.193891809750838
2308.857,18.200293138713864
2309.339,18.208781187122007
2309.821,18.218874452180234
2310.303,18.230188364847823
2310.785,18.24223016966874
2311.267,18.254780842065173
2311.75,18.267747379509455
2312.232,18.280746754485406
2312.714,18.293417860897684
2313.196,18.305653271329714
2313.678,18.317362531668227
2314.16,18.32857459320153
2314.642,18.339357704509965
2315.124,18.349489958217223
2315.606,18.35871883662285
2316.089,18.3668534566868
2316.571,18.373709793682742
2317.053,18.37933257005025
2317.535,18.383858794431074
2318.017,18.387350373689316
2318.499,18.389899414138725
2318.981,18.391615945094234
2319.463,18.39259492456467
2319.946,18.39299040428566
2320.427,18.392960153677134
2320.91,18.392561127273527
2321.392,18.39181706544333
2321.874,18.390766562477115
2322.356,18.389446839883284
2322.838,18.387878975003247
2323.32,18.386079069936624
2323.802,18.384122715827967
2324.284,18.382070707646495
2324.767,18.37994832030928
2325.249,18.37783500627899
2325.731,18.37566552818516
2326.213,18.37335430885057
2326.695,18.37117887654694
2327.177,18.369449880542252
2327.659,18.368332313534715
2328.141,18.36803170223083
2328.624,18.368457567475325
2329.106,18.369289010657898
2329.588,18.370684394399685
2330.07,18.372785054012553
2330.552,18.375003992978534
2331.034,18.376781950128322
2331.516,18.377549964607756
2331.998,18.376683279719835
2332.48,18.374659070479293
2332.963,18.372431545409732
2333.445,18.37014854360977
2333.927,18.36806292568896
2334.409,18.3671329406672
2334.891,18.368110045859794
2335.373,18.37213026162826
2335.855,18.380332753142767
2336.337,18.391939750061685
2336.82,18.405532030042515
2337.302,18.42044620801903
2337.784,18.43579725685979
2338.266,18.450536361603238
2338.748,18.46395814441869
2339.23,18.47464868386518
2339.712,18.481236939059947
2340.194,18.484220603254858
2340.677,18.484613973311458
2341.159,18.483066323883108
2341.641,18.48046341080559
2342.123,18.477306915844363
2342.605,18.47378777573553
2343.087,18.47075434427493
2343.569,18.469021452700183
2344.051,18.46840002677016
2344.533,18.46848877389815
2345.016,18.46893671031434
2345.498,18.469262483090898
2345.98,18.469421107072577
2346.462,18.469551618394696
2346.944,18.46943656777825
2347.426,18.468877716330038
2347.908,18.467993609604022
2348.39,18.466928714310658
2348.873,18.46586538815306
2349.354,18.465041735624638
2349.837,18.4644201512111
2350.319,18.4638579724865
2350.801,18.463451171276496
2351.283,18.46328337499198
2351.765,18.4632460624929
2352.247,18.463312810886237
2352.729,18.463348061156218
2353.211,18.463108634374695
2353.694,18.463011079047707
2354.176,18.463600407426107
2354.658,18.464670623307637
2355.14,18.466261488924868
2355.622,18.46836083885753
2356.104,18.470480722697722
2356.586,18.474135953910082
2357.068,18.48057641864541
2357.551,18.488218652169905
2358.033,18.495742867783438
2358.515,18.499781859495595
2358.997,18.496949362847946
2359.479,18.490047607704636
2359.961,18.482750312936275
2360.443,18.47854962279674
2360.925,18.481381949407385
2361.407,18.48967053782391
2361.89,18.500043952183688
2362.372,18.511918462974393
2362.854,18.524104488774075
2363.336,18.535282336366418
2363.818,18.54517027694732
2364.3,18.55044722634729
2364.782,18.54804544261064
2365.264,18.540133121766438
2365.747,18.52944217143593
2366.229,18.51997240651234
2366.711,18.515971453510055
2367.193,18.516042103941682
2367.675,18.517682917153586
2368.157,18.518693140070305
2368.639,18.516590014740306
2369.121,18.512672608885563
2369.604,18.50912569939589
2370.086,18.50729499456639
2370.568,18.508652552011373
2371.05,18.512593296967022
2371.532,18.51777985870342
2372.014,18.523740493461744
2372.496,18.529873509340383
2372.978,18.53582848242598
2373.46,18.541558668989893
2373.943,18.546475403691247
2374.425,18.5500145213172
2374.907,18.55239091424029
2375.389,18.553974872497538
2375.871,18.555112270885814
2376.353,18.556253742269778
2376.835,18.557492555260367
2377.317,18.55878342661646
2377.799,18.560371822925976
2378.281,18.562470468076313
2378.764,18.56508228252463
2379.246,18.568214198191257
2379.728,18.571715850278537
2380.21,18.575399951281074
2380.692,18.579414577751308
2381.174,18.58393870222754
2381.656,18.589089994784374
2382.138,18.594993988419223
2382.621,18.601488939655116
2383.103,18.6082955022204
2383.585,18.61530182992191
2384.067,18.622365192116824
2384.549,18.62925132379731
2385.031,18.635774365360493
2385.513,18.641633475931982
2385.995,18.64653544535753
2386.478,18.650538583155
2386.96,18.65379588735449
2387.442,18.656406422427782
2387.924,18.658513980952947
2388.406,18.660161309008572
2388.888,18.661337617202292
2389.37,18.662153584665464
2389.852,18.66271479943201
2390.334,18.66300104757823
2390.817,18.6629772183785
2391.299,18.66258663146284
2391.781,18.661757488700882
2392.263,18.660519554615618
2392.745,18.65892656093685
2393.227,18.65699527615059
2393.709,18.654747315745166
2394.191,18.65217943303744
2394.674,18.64927304726671
2395.156,18.646039424639756
2395.638,18.642489307884798
2396.12,18.63860847752215
2396.602,18.634385592680932
2397.084,18.62980212187249
2397.566,18.624839636017878
2398.048,18.61952168272067
2398.531,18.613885235041707
2399.012,18.607955880409023
2399.495,18.601763868889357
2399.977,18.59533688036224
2400.459,18.588697234733434
2400.941,18.581877985194254
2401.423,18.574912658203544
2401.905,18.56781349030393
2402.387,18.560585854032716
2402.869,18.5532436387298
2403.352,18.545798183983162
2403.834,18.53825636135743
2404.316,18.530628488811605
2404.798,18.52291799128963
2405.28,18.515127403707492
2405.762,18.507282650710607
2406.244,18.49941714671771
2406.726,18.49155171248518
2407.208,18.483709103707515
2407.691,18.47591627992748
2408.173,18.46819406598689
2408.655,18.460572861040163
2409.137,18.45308110805423
2409.619,18.445714107990497
2410.101,18.438457400749293
2410.583,18.43130132357814
2411.065,18.4242309946762
2411.548,18.417239044827976
2412.03,18.410322761170374
2412.512,18.403465784075205
2412.994,18.396651919963077
2413.476,18.389880442458843
2413.958,18.383151924099494
2414.44,18.376469703614223
2414.922,18.369838872955572
2415.405,18.36324909587497
2415.887,18.356686573509222
2416.369,18.35014379143722
2416.851,18.343611995919755
2417.333,18.337087260223957
2417.815,18.330569739599078
2418.297,18.324050239241323
2418.779,18.317519916481668
2419.261,18.310982280635795
2419.744,18.30444029760943
2420.226,18.297899144130383
2420.708,18.29136490417672
2421.19,18.284824109133112
2421.672,18.278256842445657
2422.154,18.271653635289
2422.636,18.265003355650702
2423.118,18.25829237664521
2423.601,18.251511813245735
2424.083,18.244644323923094
2424.565,18.23767414691941
2425.047,18.23061010800599
2425.529,18.223467384250853
2426.011,18.216260033127547
2426.493,18.209005830154084
2426.975,18.201712341854844
2427.458,18.194383637630338
2427.939,18.18703323369311
2428.422,18.17967409508674
2428.904,18.172314522188614
2429.386,18.16496395714412
2429.868,18.157625909197954
2430.35,18.150303156887247
2430.832,18.143010303710753
2431.314,18.135762558077428
2431.796,18.128574242077622
2432.279,18.12145974243817
2432.761,18.114420465890582
2433.243,18.10745290097645
2433.725,18.100559134389048
2434.207,18.093739556324966
2434.689,18.086992539446616
2435.171,18.080318224479402
2435.653,18.07371157175057
2436.135,18.067167401601402
2436.618,18.06069237343409
2437.1,18.05429583806641
2437.582,18.04798495119195
2438.064,18.041768051160446
2438.546,18.035649058275624
2439.028,18.029629400426412
2439.51,18.023714913241502
2439.992,18.01791069261873
2440.475,18.012216536072586
2440.957,18.00663157726294
2441.439,18.001152877952244
2441.921,17.995776556382136
2442.403,17.990504209136958
2442.885,17.98533815410997
2443.367,17.980278804595383
2443.849,17.97532679963408
2444.332,17.970479399385525
2444.814,17.965732100141295
2445.296,17.961083801158047
2445.778,17.956533067223347
2446.26,17.952075422611134
2446.742,17.9477071523982
2447.224,17.943422675228188
2447.706,17.939216609309494
2448.188,17.935091306772986
2448.671,17.931051224710814
2449.153,17.92709955628786
2449.635,17.923240493220476
2450.117,17.919475761427638
2450.599,17.91580580971163
2451.081,17.912234103964696
2451.563,17.908763815724168
2452.045,17.905395198718406
2452.528,17.90212838646755
2453.01,17.898961896574015
2453.492,17.895893762437918
2453.974,17.892926021597873
2454.456,17.89006108298166
2454.938,17.887300371688916
2455.42,17.884645372037195
2455.902,17.88209417344066
2456.385,17.879643292226458
2456.867,17.87729148748946
2457.349,17.875037045557153
2457.831,17.87287639081618
2458.313,17.870806411676742
2458.795,17.868822422532293
2459.277,17.86691962575232
2459.759,17.865098293530792
2460.241,17.86335997866522
2460.724,17.861704796778348
2461.206,17.860133407882305
2461.688,17.858645105947666
2462.17,17.857238039974227
2462.652,17.855912749747837
2463.134,17.854669394228736
2463.616,17.85350462440352
2464.098,17.852414731185576
2464.581,17.851394723794204
2465.062,17.850439111199815
2465.545,17.84954654573609
2466.027,17.84871630332657
2466.509,17.847946418350325
2466.991,17.847235300051445
2467.473,17.84657873023821
2467.955,17.845971165592548
2468.438,17.845410292481063
2468.919,17.84489370690764
2469.402,17.844416265098005
2469.884,17.843973695418114
2470.366,17.843560318342846
2470.848,17.843170807934342
2471.33,17.842807263694493
2471.812,17.842474020205945
2472.294,17.842174131468138
2472.776,17.84191177120482
2473.259,17.841689425765836
2473.741,17.841508529109333
2474.223,17.841373614306832
2474.705,17.841289112245793
2475.187,17.841256093295346
2475.669,17.841275447091405
2476.151,17.841346983559152
2476.633,17.841470106047776
2477.115,17.841648260250782
2477.598,17.841885560378138
2478.08,17.842184858634614
2478.562,17.842549267565925
2479.044,17.842979541471855
2479.526,17.843475118305737
2480.008,17.844038008421236
2480.49,17.844669953928936
2480.972,17.84537002724366
2481.455,17.846137710308668
2481.937,17.846971195775744
2482.419,17.847868552648215
2482.901,17.848833607445812
2483.383,17.84987175584873
2483.865,17.850986382290273
2484.347,17.852181467111205
2484.829,17.853459905372723
2485.312,17.85482321347137
2485.794,17.856275721715893
2486.276,17.857821209068955
2486.758,17.859458539308868
2487.24,17.861185858992854
2487.722,17.862999717138152
2488.204,17.864895901991027
2488.686,17.866875262362576
2489.168,17.868939304212635
2489.651,17.87108793129502
2490.133,17.87332135499538
2490.615,17.87563627170189
2491.097,17.878027683142413
2491.579,17.880494250320414
2492.061,17.88303432856383
2492.543,17.88564342895815
2493.025,17.888318098183912
2493.508,17.89105257616991
2493.99,17.89384152788634
2494.472,17.89668829433429
2494.954,17.899598391091327
2495.436,17.902576820246814
2495.918,17.90562976876913
2496.4,17.90875931069136
2496.882,17.911966160642763
2497.365,17.915254357677092
2497.846,17.918627536948005
2498.329,17.922088172229515
2498.811,17.92563935323899
2499.293,17.9292810632715
2499.775,17.93301294279889
2500.257,17.936839618848893
2500.739,17.94076557948758
2501.221,17.944795293609
2501.703,17.948933069935105
2502.186,17.953176182061032
2502.668,17.957519347431177
2503.15,17.961959746908256
2503.632,17.966493550111785
2504.114,17.971116506129675
2504.596,17.975825309305783
2505.078,17.980613749374918
2505.56,17.985475573179553
2506.042,17.99041016760122
2506.525,17.995418031590816
2507.007,18.00049908561991
2507.489,18.00565387091036
2507.971,18.010880009017836
2508.453,18.01617394438873
2508.935,18.021534441343054
2509.417,18.02695992778115
2509.899,18.032447298729544
2510.382,18.0379937073078
2510.864,18.043594605581045
2511.346,18.049245193503438
2511.828,18.054944378692987
2512.31,18.060691430587543
2512.792,18.066485047778194
2513.274,18.072324259271795
2513.756,18.078204794305826
2514.239,18.084120980880343
2514.721,18.090070082514792
2515.203,18.096049189348108
2515.685,18.102053309468815
2516.167,18.108078352450917
2516.649,18.114118832911128
2517.131,18.120169560781928
2517.613,18.126232003610227
2518.095,18.132309690351477
2518.578,18.138404792754642
2519.06,18.144520480751314
2519.542,18.150658872038193
2520.024,18.156821135008983
2520.506,18.16301116676717
2520.988,18.16923282329416
2521.47,18.17548628181082
2521.952,18.1817712534108
2522.435,18.18808711051772
2522.917,18.194432786721197
2523.399,18.200810284661106
2523.881,18.20722238506886
2524.363,18.213670319637114
2524.845,18.22015557336099
2525.327,18.22667916069673
2525.809,18.23324133900456
2526.292,18.23984428527973
2526.773,18.246490142711618
2527.256,18.253178121133796
2527.738,18.25990742169408
2528.22,18.266676942780236
2528.702,18.273485331499757
2529.184,18.280335298028238
2529.666,18.287230918560148
2530.148,18.29417384531713
2530.63,18.301166032733022
2531.113,18.30821017189081
2531.595,18.31530789652659
2532.077,18.322462636304802
2532.559,18.329677432456492
2533.041,18.33694968686953
2533.523,18.34427530594057
2534.005,18.351650451450688
2534.487,18.35907040711752
2534.969,18.366532724232375
2535.452,18.374035716426746
2535.934,18.38157550777309
2536.416,18.389148319715332
2536.898,18.39675142502388
2537.38,18.404381806056627
2537.862,18.412037794981686
2538.344,18.41971786327275
2538.826,18.427417716087618
2539.309,18.435132898828364
2539.791,18.442859119585496
2540.273,18.450592047472504
2540.755,18.458330377500815
2541.237,18.466073923402707
2541.719,18.473821178914456
2542.201,18.481571015554373
2542.683,18.489322701607176
2543.166,18.497075056935635
2543.648,18.50482813145613
2544.13,18.512581975686416
2544.612,18.520333856109758
2545.094,18.528080420464683
2545.576,18.535818724428502
2546.058,18.54354552450039
2546.54,18.551258757607826
2547.022,18.558956929378986
2547.505,18.5666374792321
2547.987,18.57429802155412
2548.469,18.58193719165862
2548.951,18.58955367230797
2549.433,18.597146814096877
2549.915,18.60471615165343
2550.397,18.612259756001375
2550.879,18.619775573016515
2551.362,18.627261849159584
2551.844,18.63471677309864
2552.326,18.642139826645064
2552.808,18.64953102104212
2553.29,18.65688945100251
2553.772,18.664214351191912
2554.254,18.671505467110865
2554.736,18.67876224413067
2555.219,18.685984859882794
2555.7,18.693173389210838
2556.183,18.700325779961748
2556.665,18.70743950571289
2557.147,18.71451204211765
2557.629,18.721540593887283
2558.111,18.72852361708216
2558.593,18.735459915513065
2559.075,18.742347552109997
2559.557,18.749184716619606
2560.04,18.75596955525817
2560.522,18.762699998224473
2561.004,18.76937486888725
2561.486,18.775993055048858
2561.968,18.782552375111145
2562.45,18.789050796847206
2562.932,18.795486090988344
2563.414,18.80185613792712
2563.896,18.80816083720587
2564.379,18.814400726597164
2564.861,18.82057600752296
2565.343,18.82668719424869
2565.825,18.83273436440022
2566.307,18.838717349190087
2566.789,18.844636795184556
2567.271,18.850493339441403
2567.753,18.856286851557435
2568.236,18.862017190267768
2568.718,18.86768390056519
2569.2,18.873286452362056
2569.682,18.87882534775536
2570.164,18.88430123417158
2570.646,18.889714565872268
2571.128,18.895065845347194
2571.61,18.900354802249208
2572.093,18.905580844292757
2572.575,18.91074389241885
2573.057,18.915843786627516
2573.539,18.920880069899972
2574.021,18.92585242466859
2574.503,18.930760181061576
2574.985,18.935602678980302
2575.467,18.940380328283123
2575.949,18.945093799026168
2576.432,18.949743571603335
2576.914,18.954330255229266
2577.396,18.958854057428233
2577.878,18.963314970941063
2578.36,18.96771346466872
2578.842,18.972049935435315
2579.324,18.976324298349873
2579.806,18.98053646697373
2580.289,18.984686008153847
2580.771,18.988772416246924
2581.253,18.992796000156403
2581.735,18.996757137511384
2582.217,19.000656086011695
2582.699,19.004493154059304
2583.181,19.008267872316985
2583.663,19.011979470917584
2584.146,19.01562775380388
2584.627,19.01921245157112
2585.11,19.022733018663462
2585.592,19.026189119905684
2586.074,19.029579959485403
2586.556,19.03290482477693
2587.038,19.0361643591847
2587.52,19.03935950519904
2588.002,19.042491246822806
2588.484,19.04556075363265
2588.967,19.04856835045896
2589.449,19.051514145806667
2589.931,19.05439875370488
2590.413,19.057222707472192
2590.895,19.059986628027485
2591.377,19.06269132196995
2591.859,19.06533694642746
2592.341,19.067923625041804
2592.823,19.070452306863103
2593.306,19.072923845633387
2593.788,19.075339222817007
2594.27,19.077699365505445
2594.752,19.080003715196423
2595.234,19.08225121886075
2595.716,19.084441204640605
2596.198,19.08657278184717
2596.68,19.088645194338458
2597.163,19.090657887417443
2597.645,19.092609698916714
2598.127,19.094499471847566
2598.609,19.09632694961432
2599.091,19.09809200573304
2599.573,19.099794567921816
2600.055,19.10143466623456
2600.537,19.103011643131996
2601.02,19.10452466174875
2601.502,19.105973230994366
2601.984,19.107356807432247
2602.466,19.10867494575887
2602.948,19.109927354630656
2603.43,19.111113353773327
2603.912,19.112232268908418
2604.394,19.113284004826887
2604.876,19.114268466276148
2605.359,19.115185627353398
2605.841,19.116035507736335
2606.323,19.116817322941383
2606.805,19.1175300248548
2607.287,19.118173015506127
2607.769,19.118745635297724
2608.251,19.119247127065943
2608.733,19.11967693882372
2609.216,19.12003416802209
2609.698,19.120317988923077
2610.18,19.120528611379267
2610.662,19.12066651254089
2611.144,19.12073215786901
2611.626,19.120726175984363
2612.108,19.120648738708798
2612.59,19.120499884337846
2613.073,19.120280043348217
2613.554,19.11998963094377
2614.037,19.119628954837303
2614.519,19.11919840001789
2615.001,19.118698085213442
2615.483,19.118128117590544
2615.965,19.117489088428332
2616.447,19.116781602550912
2616.929,19.116006290634246
2617.411,19.115163784922608
2617.894,19.11425410979497
2618.376,19.113277091827772
2618.858,19.11223275235883
2619.34,19.11112104095952
2619.822,19.109941962858684
2620.304,19.1086956189636
2620.786,19.107381882072787
2621.268,19.106000640275415
2621.75,19.104552165526673
2622.233,19.1030368023262
2622.715,19.10145492349539
2623.197,19.099806951846578
2623.679,19.09809306883652
2624.161,19.096313399967347
2624.643,19.09446819006232
2625.125,19.092557678142192
2625.607,19.090582158875236
2626.09,19.088541974236442
2626.572,19.08643737815351
2627.054,19.084268634790934
2627.536,19.082036113804026
2628.018,19.079740181207278
2628.5,19.07738125387697
2628.982,19.07495975422769
2629.464,19.07247592965303
2629.947,19.06992999334192
2630.429,19.067322190843818
2630.911,19.064652752801596
2631.393,19.061922015366566
2631.875,19.059130359569966
2632.357,19.05627808491076
2632.839,19.05336551657035
2633.321,19.05039303441767
2633.803,19.047361005352972
2634.286,19.044269920524055
2634.768,19.041120285422277
2635.25,19.037912415196867
2635.732,19.034646635315493
2636.214,19.03132325816535
2636.696,19.027942595203008
2637.178,19.024505260229144
2637.66,19.02101196021052
2638.143,19.017463277286115
2638.625,19.01385983531897
2639.107,19.010202229715627
2639.589,19.00649098254346
2640.071,19.00272681783169
2640.553,18.99891042867749
2641.035,18.99504217674528
2641.517,18.991122400160855
2642.0,18.987151297256997
2642.481,18.983129023232877
2642.964,18.979056195917156
2643.446,18.97493349536193
2643.928,18.970761480853138
2644.41,18.966540758225264
2644.892,18.9622715910905
2645.374,18.957954076359176
2645.856,18.953588714739624
2646.338,18.949175987882295
2646.821,18.94471604055236
2647.303,18.94020913054131
2647.785,18.93565530922553
2648.267,18.931054665975118
2648.749,18.92640825336717
2649.231,18.921717393341684
2649.713,18.916983242452215
2650.195,18.91220709684484
2650.677,18.90738996327465
2651.16,18.90253268287083
2651.642,18.897636544535505
2652.124,18.892702797979094
2652.606,18.88773222970827
2653.088,18.882725629714884
2653.57,18.877683525592357
2654.052,18.87260636758309
2654.534,18.867495362175454
2655.017,18.86235180611648
2655.499,18.857176746383374
2655.981,18.851971279735615
2656.463,18.846735952165673
2656.945,18.84147098040739
2657.427,18.83617721952233
2657.909,18.83085545646542
2658.391,18.82550571993719
2658.874,18.820128128513222
2659.356,18.814722524227882
2659.838,18.809288701854896
2660.32,18.803827976509098
2660.802,18.798342121827105
2661.284,18.792832245799282
2661.766,18.787299621421095
2662.248,18.78174548182707
2662.73,18.776170697487533
2663.213,18.77057692821511
2663.695,18.76496571790724
2664.177,18.759336944013874
2664.659,18.75369019221631
2665.141,18.74802485329584
2665.623,18.742340090236194
2666.105,18.73663641675859
2666.587,18.730914656557687
2667.07,18.725174961302617
2667.552,18.719417628880812
2668.034,18.713642629471273
2668.516,18.70784958219363
2668.998,18.702039208959373
2669.48,18.696212282573885
2669.962,18.690368227949726
2670.444,18.684506644576473
2670.927,18.67862697431688
2671.408,18.672728724972455
2671.891,18.666813877757452
2672.373,18.660885307557958
2672.855,18.654945017558894
2673.337,18.648995377028683
2673.819,18.643038972833107
2674.301,18.637078048091038
2674.783,18.631115894327092
2675.265,18.62515582888476
2675.748,18.61919900064632
2676.23,18.61324611030537
2676.712,18.60729819122803
2677.194,18.601356035321846
2677.676,18.595421440491865
2678.158,18.589496687277165
2678.64,18.58358307294711
2679.122,18.577682047779568
2679.604,18.57179597189103
2680.087,18.565927161448386
2680.569,18.56007863917624
2681.051,18.554253562024563
2681.533,18.548453361325436
2682.015,18.54267927142896
2682.497,18.536932852605858
2682.979,18.531215499318026
2683.461,18.525530029537368
2683.944,18.519879883810887
2684.426,18.514267103540654
2684.908,18.508693785754655
2685.39,18.503163058438567
2685.872,18.497677621846243
2686.354,18.49224080343701
2686.836,18.486855766518353
2687.318,18.481522488720785
2687.801,18.476239950971138
2688.283,18.471007724155484
2688.765,18.465824887407305
2689.247,18.460691052556037
2689.729,18.45560625089052
2690.211,18.45056923550871
2690.693,18.44557875749524
2691.175,18.440635156368067
2691.657,18.435738949460728
2692.14,18.43089081765607
2692.622,18.426091610669488
2693.104,18.42134080992278
2693.586,18.41663755251765
2694.068,18.411981574797903
2694.55,18.40737250565192
2695.032,18.40281025483906
2695.514,18.39829503576307
2695.997,18.39382633138682
2696.479,18.38940363350527
2696.961,18.3850274477133
2697.443,18.38069826540028
2697.925,18.376416684735574
2698.407,18.37218338139731
2698.889,18.36799759593863
2699.371,18.363858066728877
2699.854,18.35976437329293
2700.335,18.355715986976758
2700.818,18.351712049358756
2701.3,18.347752039939135
2701.782,18.34383489353131
2702.264,18.339959648000985
2702.746,18.33612726017005
2703.228,18.332339256955205
2703.71,18.328596880542378
2704.192,18.324901660992815
2704.675,18.321254726638113
2705.157,18.317656950449287
2705.639,18.314109912858694
2706.121,18.31061519347474
2706.603,18.307173544229578
2707.085,18.30378560239724
2707.567,18.30045195469824
2708.049,18.297173095566233
2708.531,18.293950099511456
2709.014,18.29078420310581
2709.496,18.287676370028027
2709.978,18.28462758377115
2710.46,18.281638801178214
2710.942,18.27871089709388
2711.424,18.275844878178855
2711.906,18.273041746677432
2712.388,18.270302254496592
2712.871,18.267627097739425
2713.353,18.265017016333154
2713.835,18.26247270399262
2714.317,18.259994939420963
2714.799,18.257584568157924
2715.281,18.25524223841716
2715.763,18.252968539256162
2716.245,18.25076433702778
2716.728,18.248630483096978
2717.21,18.24656758313909
2717.692,18.244576232591392
2718.174,18.24265678440569
2718.656,18.240809276375362
2719.138,18.239034217041535
2719.62,18.23733206219568
2720.102,18.23570216363185
2720.584,18.234143770587348
2721.067,18.23265628919448
2721.549,18.231238921185792
2722.031,18.229891984686017
2722.513,18.228616395632294
2722.995,18.22741156243315
2723.477,18.226276956440454
2723.959,18.22521366548106
2724.441,18.224222434051526
2724.924,18.223304603510158
2725.406,18.222461556965634
2725.888,18.221690891353134
2726.37,18.22098905042996
2726.852,18.220354139623524
2727.334,18.219783712243878
2727.816,18.219275488948824
2728.298,18.21882816083673
2728.781,18.218437746466307
2729.262,18.218100570494613
2729.745,18.21781778936063
2730.227,18.217590965212718
2730.709,18.217422892302135
2731.191,18.217317075962807
2731.673,18.217270994756117
2732.155,18.217280991232972
2732.637,18.21734636807441
2733.119,18.21746555054789
2733.602,18.217639559739276
2734.084,18.217871814865948
2734.566,18.218158644666325
2735.048,18.218496707906787
2735.53,18.218891738900354
2736.012,18.219348411496444
2736.494,18.219874868777573
2736.976,18.22047947765274
2737.458,18.22115237068788
2737.941,18.221879041245884
2738.423,18.22265081002936
2738.905,18.223456916884476
2739.387,18.224292293602893
2739.869,18.22515663168523
2740.351,18.226038825039193
2740.833,18.226930254133993
2741.315,18.227837125834892
2741.798,18.22876624383325
2742.28,18.229735333021274
2742.762,18.23076431869699
2743.244,18.231848233009273
2743.726,18.232980631470742
2744.208,18.234157590321665
2744.69,18.235373742088136
2745.172,18.2366508972868
2745.655,18.2380204549991
2746.137,18.239495748829043
2746.619,18.241092695233128
2747.101,18.242832514253653
2747.583,18.24472853107948
2748.065,18.246811078955385
2748.547,18.24910660816337
2749.029,18.251597789705578
2749.511,18.254258736814865
2749.994,18.257055896492517
2750.476,18.259949380239924
2750.958,18.262934739706903
2751.44,18.26601333061888
2751.922,18.26917241185512
2752.404,18.27240163993955
2752.886,18.275671383567627
2753.368,18.27894151311772
2753.851,18.282197902475698
2754.333,18.285425176765145
2754.815,18.288586048617656
2755.297,18.29165030587504
2755.779,18.29457279102129
2756.261,18.297312104006473
2756.743,18.299888653237243
2757.225,18.302338664626994
2757.708,18.304696832354004
2758.189,18.30700665456451
2758.672,18.309281281741104
2759.154,18.311525413689832
2759.636,18.313765964085214
2760.118,18.316027669504745
2760.6,18.318333616293376
2761.082,18.320712640302943
2761.564,18.323171692762237
2762.046,18.325716696078686
2762.529,18.328383842289902
2763.011,18.331206890211153
2763.493,18.334225124215372
2763.975,18.337475722542266
2764.457,18.340944366310325
2764.939,18.344601182015715
2765.421,18.348424737490095
2765.903,18.35238641336469
2766.385,18.35647143802307
2766.868,18.36067193005941
2767.35,18.36496077038795
2767.832,18.369311866873044
2768.314,18.373715573602553
2768.796,18.378162512666275
2769.278,18.382653033655163
2769.76,18.38718964603769
2770.242,18.39175173585837
2770.725,18.396316959071402
2771.207,18.40086550806431
2771.689,18.405377964860435
2772.171,18.409858052461843
2772.653,18.41431775431872
2773.135,18.418761749682353
2773.617,18.42319779233673
2774.099,18.42763264018394
2774.582,18.432070166692604
2775.064,18.4365229627073
2775.546,18.441003470791784
2776.028,18.44551085434126
2776.51,18.450042070338423
2776.992,18.45459293581913
2777.474,18.459157841403382
2777.956,18.463740414566978
2778.438,18.468346279091413
2778.921,18.472977895026517
2779.403,18.477637840546556
2779.885,18.482325115565256
2780.367,18.487037058401
2780.849,18.491773027531337
2781.331,18.496532008800987
2781.813,18.501312345562216
2782.295,18.506112730737847
2782.778,18.51093053422473
2783.26,18.51576321570544
2783.742,18.520610602809484
2784.224,18.52547293194357
2784.706,18.530351123121406
2785.188,18.53524635849434
2785.67,18.540157823973505
2786.152,18.54508462397752
2786.635,18.550025878805204
2787.116,18.55498088618725
2787.599,18.55995139719199
2788.081,18.564939772080724
2788.563,18.56994840765899
2789.045,18.574980041259597
2789.527,18.58003571914993
2790.009,18.58511610402555
2790.491,18.59022288988264
2790.973,18.59535754334621
2791.456,18.600521972845716
2791.938,18.60571863819682
2792.42,18.61094808067358
2792.902,18.616210750025857
2793.384,18.621509465451048
2793.866,18.626846684753236
2794.348,18.632225248628593
2794.83,18.63764780803103
2795.312,18.64311237732393
2795.795,18.648615363657807
2796.277,18.654154461113297
2796.759,18.65972665622085
2797.241,18.665329033516585
2797.723,18.670959275567515
2798.205,18.676613166122593
2798.687,18.682286448868034
2799.169,18.68797804644665
2799.652,18.693687436288954
2800.134,18.699413886643832
2800.616,18.705157002494477
2801.098,18.71091450564569
2801.58,18.716683430147967
2802.062,18.722462098522023
2802.544,18.72824863640464
2803.026,18.734040547639374
2803.509,18.739835562620897
2803.991,18.745630392783653
2804.473,18.751421628077367
2804.955,18.757207936971042
2805.437,18.76298817804157
2805.919,18.768760901411884
2806.401,18.774524855757893
2806.883,18.780276905313766
2807.365,18.78601308227221
2807.848,18.791731164689253
2808.33,18.797428851606387
2808.812,18.803102455069553
2809.294,18.80874878164222
2809.776,18.814363989017387
2810.258,18.8199443708787
2810.74,18.825490140455727
2811.222,18.831002852065698
2811.705,18.836482893523428
2812.187,18.84193124319084
2812.669,18.847348964323846
2813.151,18.85273657632738
2813.633,18.85809621383982
2814.115,18.86343005997272
2814.597,18.868737197909063
2815.079,18.874016084288673
2815.562,18.879265681855916
2816.043,18.884484615832257
2816.526,18.88967292520894
2817.008,18.89483136969571
2817.49,18.899959286896
2817.972,18.90505624153959
2818.454,18.910123265141113
2818.936,18.91516137981229
2819.418,18.920172543710127
2819.9,18.92515894723992
2820.383,18.930120305957757
2820.865,18.935056005274383
2821.347,18.939966090366653
2821.829,18.94485035674275
2822.311,18.949710344400454
2822.793,18.954548498107393
2823.275,18.959365141572917
2823.757,18.964160638815397
2824.24,18.96893736890369
2824.722,18.973697201666663
2825.204,18.978442656579055
2825.686,18.983176111238322
2826.168,18.987895139220488
2826.65,18.992595652993977
2827.132,18.99727510519711
2827.614,19.00193023816456
2828.096,19.006557621973588
2828.579,19.011154521718826
2829.061,19.01571617853514
2829.543,19.020237802381036
2830.025,19.024718602670514
2830.507,19.029158593174838
2830.989,19.033557241278128
2831.471,19.03791447341637
2831.953,19.04222827037188
2832.436,19.046495716805477
2832.918,19.050715761523897
2833.4,19.054887066647677
2833.882,19.059006678064563
2834.364,19.06307178117283
2834.846,19.067078159281795
2835.328,19.07102135827971
2835.81,19.07490030078829
2836.292,19.078714282543125
2836.775,19.08246199912184
2837.257,19.086142480786563
2837.739,19.089751903867814
2838.221,19.093285196339078
2838.703,19.096740092811487
2839.185,19.100114214463797
2839.667,19.10340309525312
2840.149,19.10660312250211
2840.632,19.109709438869537
2841.114,19.112717499960244
2841.596,19.115629171382846
2842.078,19.118448332147594
2842.56,19.12117758770392
2843.042,19.123820526150134
2843.524,19.12637975975693
2844.006,19.12885702845459
2844.489,19.13125669225437
2844.97,19.133583101181497
2845.453,19.135837157419026
2845.935,19.1380193449443
2846.417,19.140129850315823
2846.899,19.142168472973562
2847.381,19.14413790977501
2847.863,19.146041605200764
2848.345,19.14788160258441
2848.827,19.14966018968379
2849.31,19.151379208886556
2849.792,19.15303982743722
2850.274,19.15464493928639
2850.756,19.156197424665127
2851.238,19.15769758533018
2851.72,19.159145723753102
2852.202,19.16054191574192
2852.684,19.161886025024536
2853.167,19.163181469924275
2853.649,19.164432898422273
2854.131,19.165642805031297
2854.613,19.16681395193194
2855.095,19.16794989525702
2855.577,19.16905329739667
2856.059,19.170128325836956
2856.541,19.1711788457842
2857.023,19.172203724697894
2857.506,19.173200445687982
2857.988,19.174166960558228
2858.47,19.175100454901774
2858.952,19.17599974724854
2859.434,19.17686435046415
2859.916,19.177691813541497
2860.398,19.17847975306484
2860.88,19.179227312741947
2861.363,19.179933587375206
2861.845,19.180598524899313
2862.327,19.18122226510652
2862.809,19.181802609770173
2863.291,19.182337069865763
2863.773,19.18282364686983
2864.255,19.183260258754284
2864.737,19.18364662703014
2865.219,19.183983291167763
2865.702,19.184269583445104
2866.184,19.184505051411353
2866.666,19.184690211586894
2867.148,19.18482534575618
2867.63,19.184911452165604
2868.112,19.1849496003116
2868.594,19.184938350007243
2869.076,19.184875560277554
2869.559,19.184759980818658
2870.041,19.18459012928541
2870.523,19.18436482172438
2871.005,19.184083431858873
2871.487,19.183744356426207
2871.969,19.18334615726648
2872.451,19.1828894993197
2872.933,19.182375535311948
2873.416,19.181805486125207
2873.897,19.181180904240602
2874.38,19.18050225288533
2874.862,19.17976969144548
2875.344,19.17898419463043
2875.826,19.17814668489646
2876.308,19.1772579286011
2876.79,19.176318881717354
2877.272,19.175329879270716
2877.754,19.174291220295284
2878.237,19.173204270967624
2878.719,19.172070415308227
2879.201,19.17089104017069
2879.683,19.16966754184017
2880.165,19.16839997235375
2880.647,19.167087894005885
2881.129,19.165731432028462
2881.611,19.16433054021248
2882.094,19.16288500952785
2882.576,19.161394830630414
2883.058,19.159859455096694
2883.54,19.158278330276865
2884.022,19.156652136826718
2884.504,19.15498183600658
2884.986,19.153268176795404
2885.468,19.15151204238194
2885.95,19.14971384324051
2886.433,19.147873732302347
2886.915,19.14599235904432
2887.397,19.144070296636006
2887.879,19.14210756391702
2888.361,19.14010413734912
2888.843,19.13805972602726
2889.325,19.135973947208242
2889.807,19.133847123706897
2890.29,19.131679667320043
2890.772,19.12947179171783
2891.254,19.127223756280017
2891.736,19.124935327299266
2892.218,19.12260603316306
2892.7,19.120235898057764
2893.182,19.117824908015557
2893.664,19.115372645555883
2894.146,19.112878823500303
2894.629,19.110342889649253
2895.111,19.107764331626235
2895.593,19.10514377727944
2896.075,19.102482171624942
2896.557,19.099780273121926
2897.039,19.09703899872956
2897.521,19.094258923702
2898.003,19.091440437011777
2898.486,19.08858440921589
2898.968,19.085691672310205
2899.45,19.082762575901686
2899.932,19.07979746029952
2900.414,19.07679641739857
2900.896,19.073759463453648
2901.378,19.07068732006832
2901.86,19.067580793524904
2902.343,19.064440480690855
2902.824,19.061267013387564
2903.307,19.05806050497326
2903.789,19.054820787549698
2904.271,19.05154819409486
2904.753,19.048242993964752
2905.235,19.044904919998032
2905.717,19.041533785547458
2906.199,19.038129161035428
2906.681,19.03469058635238
2907.164,19.031218758377623
2907.646,19.027714713763064
2908.128,19.02417902961809
2908.61,19.02061241070471
2909.092,19.017015479199742
2909.574,19.013388592868722
2910.056,19.009732687721208
2910.538,19.00604862048309
2911.021,19.002336103448087
2911.503,18.998594657855634
2911.985,18.99482365692759
2912.467,18.991022320519313
2912.949,18.987190826449183
2913.431,18.98332957087619
2913.913,18.979438496468816
2914.395,18.97551765158934
2914.877,18.971566834998416
2915.36,18.96758560199672
2915.842,18.963574277222282
2916.324,18.95953322327036
2916.806,18.9554618955157
2917.288,18.95135988089697
2917.77,18.94722665422076
2918.252,18.943061744972365
2918.734,18.938866395209907
2919.217,18.93464246740931
2919.699,18.93039124643492
2920.181,18.92611427664682
2920.663,18.921813242935944
2921.145,18.917489604474778
2921.627,18.91314553855035
2922.109,18.90878324974971
2922.591,18.904403499554736
2923.073,18.900006754969876
2923.556,18.895593722320754
2924.038,18.891164955532105
2924.52,18.886721668705007
2925.002,18.882265406019354
2925.484,18.877797070864258
2925.966,18.873317671678976
2926.448,18.868828857128957
2926.93,18.86433226961349
2927.413,18.85982998591576
2927.895,18.85532418470499
2928.377,18.850815950147553
2928.859,18.8463062313966
2929.341,18.841796239669613
2929.823,18.8372870826215
2930.305,18.83278069512171
2930.787,18.82827941001017
2931.27,18.823784656241457
2931.751,18.819297891173324
2932.234,18.81482135140534
2932.716,18.810357032607474
2933.198,18.805907268211
2933.68,18.801474312998742
2934.162,18.797058368031347
2934.644,18.792658956209777
2935.126,18.78827613578763
2935.608,18.78390965570092
2936.091,18.779559383489488
2936.573,18.7752254734789
2937.055,18.770907228842404
2937.537,18.766603945153395
2938.019,18.76231632192467
2938.501,18.758045295790033
2938.983,18.753791728021184
2939.465,18.74955663612177
2939.948,18.74534016335943
2940.43,18.74114213781734
2940.912,18.736963005147118
2941.394,18.73280310674355
2941.876,18.72866249512326
2942.358,18.724541350615596
2942.84,18.720439283203316
2943.322,18.71635584561117
2943.804,18.712291711475793
2944.287,18.70824763061575
2944.769,18.704224239516186
2945.251,18.700222273015303
2945.733,18.696241312147617
2946.215,18.692280468394994
2946.697,18.688339793510796
2947.179,18.68441926571491
2947.661,18.68051824217283
2948.144,18.67663638596029
2948.626,18.672772860932596
2949.108,18.6689269265198
2949.59,18.66510001431288
2950.072,18.661294208046186
2950.554,18.657511181123393
2951.036,18.65375292792872
2951.518,18.650021017072433
2952.0,18.646316694433253
2952.483,18.64264210060566
2952.965,18.638999346802223
2953.447,18.635389411613932
2953.929,18.63181314963582
2954.411,18.628271221753447
2954.893,18.62476414207561
2955.375,18.62129349089274
2955.857,18.617861075920104
2956.34,18.614468219849464
2956.822,18.611116318591694
2957.304,18.60780642890804
2957.786,18.60453929267899
2958.268,18.60131634025766
2958.75,18.598138957719765
2959.232,18.595007556674965
2959.714,18.591922571564325
2960.197,18.588884240555846
2960.678,18.585892714882462
2961.161,18.582949654107715
2961.643,18.58005718886151
2962.125,18.577216640769734
2962.607,18.574429448377554
2963.089,18.57169715413883
2963.571,18.569020901659645
2964.053,18.566402527962335
2964.535,18.563843715159347
2965.018,18.56134424356866
2965.5,18.55890343379161
2965.982,18.556520541368272
2966.464,18.554194516885566
2966.946,18.55192532850301
2967.428,18.549713199509736
2967.91,18.547557604647054
2968.392,18.54545806802094
2968.875,18.543414127087676
2969.357,18.54142508253451
2969.839,18.53949093360645
2970.321,18.537611688658977
2970.803,18.535786257202037
2971.285,18.534013572264953
2971.767,18.532292444085478
2972.249,18.530621680324376
2972.731,18.529001713537056
2973.214,18.527433505914516
2973.696,18.525917457065766
2974.178,18.5244541697493
2974.66,18.523044166993557
2975.142,18.521687691641223
2975.624,18.52038568828156
2976.106,18.51913905693818
2976.588,18.51794742352569
2977.071,18.516810194261232
2977.553,18.515726712647012
2978.035,18.5146961492907
2978.517,18.51371859588588
2978.999,18.51279438623444
2979.481,18.51192328439797
2979.963,18.511105138018223
2980.445,18.510339746070855
2980.927,18.509626665053542
2981.41,18.508966153826403
2981.892,18.50835846987085
2982.374,18.507802742890938
2982.856,18.507298106593552
2983.338,18.506843579532536
2983.82,18.5064381052278
2984.302,18.50608223486398
2984.784,18.50577704408112
2985.267,18.5055227456498
2985.749,18.505319708167125
2986.231,18.505168445340022
2986.713,18.505069067170137
2987.195,18.50502252270294
2987.677,18.505029613877106
2988.159,18.50508907831904
2988.641,18.5051992296102
2989.124,18.505358218623055
2989.605,18.50556390736744
2990.088,18.50581558465251
2990.57,18.50611287346856
2991.052,18.50645463663353
2991.534,18.50683986106398
2992.016,18.507267248208265
2992.498,18.507735165319136
2992.98,18.50824301557215
2993.462,18.50879025310893
2993.945,18.509375084021183
2994.427,18.509995871998637
2994.909,18.510650831590773
2995.391,18.51133828462856
2995.873,18.512058800487274
2996.355,18.51281377058037
2996.837,18.51360402202232
2997.319,18.514430690262444
2997.802,18.515295000343063
2998.284,18.51619799869821
2998.766,18.517141248572813
2999.248,18.51812636856971
2999.73,18.519153924392338
3000.212,18.520224049996283
3000.694,18.52133735501093
3001.176,18.522494429053772
3001.658,18.523695186018426
3002.141,18.5249395382014
3002.623,18.526227892465094
3003.105,18.527560511191115
3003.587,18.52893825950609
3004.069,18.53036285840862
3004.551,18.531834222749346
3005.033,18.5333521741514
3005.515,18.5349201567303
3005.998,18.53654175936935
3006.48,18.53821950695206
3006.962,18.539956282514304
3007.444,18.54175113713742
3007.926,18.54360061630969
3008.408,18.545506058039262
3008.89,18.547468484665277
3009.372,18.54948207679241
3009.854,18.551541411742797
3010.337,18.55364056613486
3010.819,18.55577306619627
3011.301,18.557943543129856
3011.783,18.56016126920223
3012.265,18.562427758060448
3012.747,18.564745537242597
3013.229,18.567123514309312
3013.711,18.569568464853116
3014.194,18.5720908986971
3014.676,18.574701261902685
3015.158,18.577391616192962
3015.64,18.58014779451792
3016.122,18.582962716225886
3016.604,18.58582712386587
3017.086,18.588729976596724
3017.568,18.59166337224433
3018.051,18.594612862139297
3018.532,18.597564253736735
3019.015,18.60052095399474
3019.497,18.603491400148613
3019.979,18.606479850261092
3020.461,18.609492754332575
3020.943,18.612534116702342
3021.425,18.61560496699529
3021.907,18.618712606352243
3022.389,18.621864093831935
3022.872,18.625055217501558
3023.354,18.628279134961634
3023.836,18.63153058014715
3024.318,18.634802917783393
3024.8,18.638093246849998
3025.282,18.64140086532159
3025.764,18.644720909038682
3026.246,18.648048968565412
3026.729,18.65138614878185
3027.211,18.65473451939619
3027.693,18.658096841935645
3028.175,18.66147670920764
3028.657,18.664874007223734
3029.139,18.668287665906735
3029.621,18.671718649071376
3030.103,18.675167691014842
3030.585,18.678635632754567
3031.068,18.682123875001253
3031.55,18.685632087117487
3032.032,18.689159862992007
3032.514,18.692709143941936
3032.996,18.69628178476279
3033.478,18.699879905016843
3033.96,18.703505598139543
3034.442,18.707157503046517
3034.925,18.710833153193754
3035.407,18.71453114735998
3035.889,18.718249638071097
3036.371,18.72198713208135
3036.853,18.7257427117891
3037.335,18.72951397440897
3037.817,18.733298609142004
3038.299,18.73709670058878
3038.781,18.74090867457053
3039.264,18.744735253204787
3039.746,18.748577505071907
3040.228,18.752434437080357
3040.71,18.756304590263653
3041.192,18.760187689529996
3041.674,18.764083299901735
3042.156,18.767991415022575
3042.638,18.77191271401817
3043.121,18.77584624625863
3043.603,18.77979109930164
3044.085,18.78374904166473
3044.567,18.787721855572855
3045.049,18.791711464008966
3045.531,18.795720031335676
3046.013,18.799746041523743
3046.495,18.803786616252843
3046.978,18.807841363652283
3047.459,18.8119095375915
3047.942,18.815989089352122
3048.424,18.82007888987027
3048.906,18.82417589455362
3049.388,18.828277253203787
3049.87,18.83238621490609
3050.352,18.836507501658122
3050.834,18.84064496632122
3051.316,18.84480330547582
3051.799,18.8489845892623
3052.281,18.85318961425381
3052.763,18.85742230067888
3053.245,18.861686103392117
3053.727,18.86598165276992
3054.209,18.870309864587174
3054.691,18.874668925866516
3055.173,18.879056429401505
3055.656,18.883476304910825
3056.138,18.88793293469787
3056.62,18.89242899295967
3057.102,18.896967567560147
3057.584,18.901545791516064
3058.066,18.906157687856076
3058.548,18.9108032326874
3059.03,18.915481543087672
3059.512,18.92018557873174
3059.995,18.92490950249764
3060.477,18.92964355960879
3060.959,18.9343777638866
3061.441,18.9391172011368
3061.923,18.943870660647598
3062.405,18.948642541519447
3062.887,18.95343891493406
3063.369,18.958260918130343
3063.852,18.963105894189823
3064.334,18.9679794664695
3064.816,18.972885478202652
3065.298,18.97781660637705
3065.78,18.982764987565286
3066.262,18.98771525655448
3066.744,18.992650385075706
3067.226,18.997571142646304
3067.708,19.002479632330907
3068.191,19.007375560562007
3068.673,19.012259766389484
3069.155,19.01711509845261
3069.637,19.02191774075582
3070.119,19.026656932705773
3070.601,19.031320371230883
3071.083,19.035890480353228
3071.565,19.040354943644676
3072.048,19.044690699431534
3072.53,19.04887722877538
3073.012,19.052925118629187
3073.494,19.0568518564255
3073.976,19.060678125538637
3074.458,19.06442914156168
3074.94,19.068109264710596
3075.422,19.07171886176653
3075.905,19.07526837741741
3076.386,19.07876701270104
3076.869,19.082232088899065
3077.351,19.08568630219906
3077.833,19.089138096410053
3078.315,19.09259633382846
3078.797,19.096083161533745
3079.279,19.0996172867449
3079.761,19.103224932227246
3080.243,19.106930118552814
3080.726,19.110723366729935
3081.208,19.114586506936483
3081.69,19.118501366738375
3082.172,19.122445035908722
3082.654,19.12641142581177
3083.136,19.13039846071857
3083.618,19.134393469304296
3084.1,19.138384633974702
3084.583,19.142357547293628
3085.065,19.146294491037374
3085.547,19.150188526792753
3086.029,19.15403265358603
3086.511,19.15780869730003
3086.993,19.16150078404446
3087.475,19.165087017045792
3087.957,19.16854760284546
3088.439,19.171888611493618
3088.922,19.175122083345123
3089.404,19.178263248407447
3089.886,19.18133094560081
3090.368,19.184325816439603
3090.85,19.187245784457062
3091.332,19.190095752002883
3091.814,19.192879695480492
3092.296,19.195613077521955
3092.779,19.19831661344792
3093.261,19.20099836956698
3093.743,19.203667529380404
3094.225,19.206340695019367
3094.707,19.209029972624567
3095.189,19.2117583425509
3095.671,19.214545791199278
3096.153,19.217380992792847
3096.635,19.220246765311657
3097.118,19.223118568054083
3097.6,19.225967436336756
3098.082,19.228792831553523
3098.564,19.231597911115838
3099.046,19.234377043831568
3099.528,19.23712642171248
3100.01,19.23982142799998
3100.492,19.242428233548143
3100.975,19.244934199969176
3101.457,19.247324958202448
3101.939,19.249572842987646
3102.421,19.251657434884756
3102.903,19.253542488738457
3103.385,19.25519577190057
3103.867,19.25663652824471
3104.349,19.25789543333826
3104.832,19.259008075066355
3105.313,19.260017423063022
3105.796,19.260931241487967
3106.278,19.261750520887936
3106.76,19.26249339048576
3107.242,19.263175555662315
3107.724,19.263826685004016
3108.206,19.26448597322946
3108.688,19.265166540577624
3109.17,19.265882157127027
3109.653,19.266671839016144
3110.135,19.26756841639719
3110.617,19.2686179804061
3111.099,19.269862990003233
3111.581,19.271283699863876
3112.063,19.272843954172778
3112.545,19.27451032536514
3113.027,19.276240545156174
3113.51,19.278020925340606
3113.992,19.279846138587324
3114.474,19.28168852758884
3114.956,19.283522451302513
3115.438,19.28532593399053
3115.92,19.28707196810514
3116.402,19.288754210939437
3116.884,19.29036745815762
3117.366,19.291876803921088
3117.849,19.293249343093198
3118.331,19.294447189821184
3118.813,19.29543448243282
3119.295,19.29622433519
3119.777,19.296844529138536
3120.259,19.29731525978021
3120.741,19.297663521219732
3121.223,19.297902166984606
3121.706,19.298037520331757
3122.188,19.29809407928068
3122.67,19.298095251368284
3123.152,19.298050415502445
3123.634,19.297969228586485
3124.116,19.297850971562465
3124.598,19.297693031832857
3125.08,19.29751513406329
3125.562,19.29733811897611
3126.045,19.297181570388698
3126.527,19.297064475593945
3127.009,19.296980831890618
3127.491,19.296916243786715
3127.973,19.29686290294195
3128.455,19.296809642851546
3128.937,19.29674875634641
3129.419,19.296675828097047
3129.902,19.29657679736911
3130.384,19.296438041611207
3130.866,19.29625788867118
3131.348,19.296035981581394
3131.83,19.29577547994849
3132.312,19.295480948662902
3132.794,19.295145032065626
3133.276,19.294758843124534
3133.759,19.29431595066456
3134.24,19.293809862618005
3134.723,19.293243320211275
3135.205,19.292622564927818
3135.687,19.291949743239766
3136.169,19.29122821353517
3136.651,19.290461849551644
3137.133,19.289653096703812
3137.615,19.28880889909114
3138.097,19.28793587706657
3138.58,19.287032726723005
3139.062,19.28609708860585
3139.544,19.28512495360273
3140.026,19.284111413921046
3140.508,19.283059306520038
3140.99,19.281972677242074
3141.472,19.280853293378126
3141.954,19.279703664095123
3142.437,19.278521064490196
3142.919,19.27730045739685
3143.401,19.276042990271243
3143.883,19.27474891355234
3144.365,19.27341461911726
3144.847,19.272038769149386
3145.329,19.270612795058387
3145.811,19.269128450477396
3146.293,19.267595227455466
3146.776,19.266024230146577
3147.258,19.26442691989873
3147.74,19.262817836188084
3148.222,19.261191351076434
3148.704,19.259535462807456
3149.186,19.25785679439936
3149.668,19.2561583783433
3150.15,19.25443714526818
3150.633,19.252699785409973
3151.115,19.250923885323
3151.597,19.249084169981167
3152.079,19.24721804047516
3152.561,19.245367066294907
3153.043,19.24355690902831
3153.525,19.241819274533263
3154.007,19.240124673643567
3154.49,19.238407951034866
3154.972,19.23667470364624
3155.454,19.234926129038065
3155.936,19.233075773951605
3156.418,19.23104731837961
3156.9,19.228749635512518
3157.382,19.226087798731946
3157.864,19.223130509398562
3158.346,19.22000964251304
3158.829,19.216765930771366
3159.311,19.213457647547415
3159.793,19.210202005251553
3160.275,19.2070869348131
3160.757,19.20425874888782
3161.239,19.20186249583189
3161.721,19.19982460967701
3162.203,19.198002902848536
3162.686,19.196326060160928
3163.167,19.194696754474382
3163.65,19.1930210624881
3164.132,19.19124297395416
3164.614,19.18922781181526
3165.096,19.186845092781745
3165.578,19.184142732182565
3166.06,19.1812157028792
3166.542,19.1781281233551
3167.024,19.174966426757635
3167.507,19.17177400634315
3167.989,19.168563768954563
3168.471,19.165410373141654
3168.953,19.16238472218609
3169.435,19.159467482536193
3169.917,19.156620127125144
3170.399,19.15380757811425
3170.881,19.150982938615726
3171.364,19.148137650218374
3171.846,19.145279151831144
3172.328,19.14238480635442
3172.81,19.139434024340176
3173.292,19.136433094920974
3173.774,19.133392212794302
3174.256,19.13032463785615
3174.738,19.127247528153678
3175.22,19.12416192084379
3175.703,19.121063286124404
3176.185,19.117956455677234
3176.667,19.114845369806325
3177.149,19.111727584706827
3177.631,19.10859990282114
3178.113,19.105458031636243
3178.595,19.102296549309614
3179.077,19.09911396936739
3179.56,19.09591049967418
3180.042,19.092683401727182
3180.524,19.089430405889917
3181.006,19.0861529086011
3181.488,19.082853000839062
3181.97,19.079533357533467
3182.452,19.076197306959333
3182.934,19.072845820094326
3183.417,19.069479234236365
3183.899,19.066099404984193
3184.381,19.062708053630057
3184.863,19.05930658581687
3185.345,19.055896687950803
3185.827,19.052478972433622
3186.309,19.049053975476582
3186.791,19.04562392175383
3187.273,19.04219104920196
3187.756,19.038757697516164
3188.238,19.035326183217446
3188.72,19.031896639292174
3189.202,19.02846850962386
3189.684,19.025041822482144
3190.166,19.021616331215718
3190.648,19.018192148703257
3191.13,19.014769719515883
3191.613,19.01134863455989
3192.094,19.007928542770543
3192.577,19.004510231774468
3193.059,19.0010946280893
3193.541,18.99768294754698
3194.023,18.994276561447258
3194.505,18.99087574864354
3194.987,18.987480617546122
3195.469,18.984091651939476
3195.951,18.98070930271258
3196.434,18.977334662006818
3196.916,18.973969168597336
3197.398,18.97061368869859
3197.88,18.967269169997156
3198.362,18.963937129842893
3198.844,18.9606189975682
3199.326,18.95731650971394
3199.808,18.954031429083432
3200.291,18.95076427760036
3200.773,18.947515236231542
3201.255,18.944284883867912
3201.737,18.94107366224545
3202.219,18.93788224558382
3202.701,18.93471157390606
3203.183,18.931562009813614
3203.665,18.92843399409957
3204.147,18.925328911098813
3204.63,18.922248270130822
3205.112,18.919193807944097
3205.594,18.91616738273025
3206.076,18.91316991343912
3206.558,18.910202142446757
3207.04,18.907265132130277
3207.522,18.904359850614057
3208.004,18.901487720676215
3208.487,18.898650415016995
3208.969,18.895848914864064
3209.451,18.893084187246078
3209.933,18.890357807638473
3210.415,18.88767117149863
3210.897,18.88502588627982
3211.379,18.882423463032307
3211.861,18.879863892923257
3212.344,18.877346658105786
3212.826,18.874871504731278
3213.308,18.872437937694944
3213.79,18.870045636781512
3214.272,18.867694432922924
3214.754,18.865383635830717
3215.236,18.863112513844417
3215.718,18.86088097916738
3216.2,18.858689053519477
3216.683,18.85653665975552
3217.165,18.8544237717277
3217.647,18.852350096545713
3218.129,18.850315194610573
3218.611,18.848318825326228
3219.093,18.846360747953412
3219.575,18.844440433564056
3220.057,18.84255729886794
3220.54,18.84071091632341
3221.021,18.83890079464324
3221.504,18.83712650803182
3221.986,18.83538777668532
3222.468,18.83368389040852
3222.95,18.83201420769326
3223.432,18.830378808385863
3223.914,18.82877776140833
3224.396,18.827211485437886
3224.878,18.825680519068076
3225.361,18.82418409274147
3225.843,18.822721231683357
3226.325,18.821291548782817
3226.807,18.819894442843466
3227.289,18.81853006922232
3227.771,18.81719918689174
3228.253,18.815900801321554
3228.735,18.81463401886825
3229.218,18.813400116992323
3229.7,18.812200074931784
3230.182,18.811035815806044
3230.664,18.80990930805025
3231.146,18.808817919313945
3231.628,18.8077578798556
3232.11,18.80672680979056
3232.592,18.805721801240836
3233.074,18.804741548107202
3233.557,18.803785958285687
3234.039,18.80285218825412
3234.521,18.801938047409536
3235.003,18.8010449244252
3235.485,18.800174278662666
3235.967,18.799330528427372
3236.449,18.79851863305436
3236.931,18.797737082917642
3237.414,18.796984050001132
3237.896,18.7962582219665
3238.378,18.79555792977351
3238.86,18.794888882554925
3239.342,18.794259340507846
3239.824,18.79367288491706
3240.306,18.793133819816685
3240.788,18.79264760060666
3241.271,18.792217572431735
3241.753,18.791851679937782
3242.235,18.791556832958953
3242.717,18.79132855945617
3243.199,18.791160244204164
3243.681,18.791043032653537
3244.163,18.790966432350103
3244.645,18.790929587693736
3245.127,18.79093315293457
3245.61,18.79097419545033
3246.092,18.791050439208245
3246.574,18.791153969475864
3247.056,18.791273966915362
3247.538,18.791406676462362
3248.02,18.79154796684695
3248.502,18.791688080664567
3248.984,18.791819281316926
3249.467,18.79192960256741
3249.948,18.792008149329256
3250.431,18.79206081196952
3250.913,18.79209771373151
3251.395,18.792128835697117
3251.877,18.792166560949017
3252.359,18.792214663036475
3252.841,18.792274649381234
3253.323,18.792353982506537
3253.805,18.792459527611307
3254.288,18.792598340312676
3254.77,18.79277921489886
3255.252,18.793004770990454
3255.734,18.79327742201113
3256.216,18.793607662790777
3256.698,18.794005164461865
3257.18,18.794481470730812
3257.662,18.795047470695398
3258.145,18.79569948492717
3258.627,18.796429559330925
3259.109,18.797231701454354
3259.591,18.798097876206953
3260.073,18.79902463607399
3260.555,18.80001046616095
3261.037,18.801048481114396
3261.519,18.80213211899054
3262.001,18.803258465621123
3262.484,18.804424358693474
3262.966,18.805629891127037
3263.448,18.806875654436148
3263.93,18.80815565945919
3264.412,18.80946367539784
3264.894,18.810793617633706
3265.376,18.81213960298056
3265.858,18.813503537036674
3266.341,18.81488987040679
3266.823,18.816301188687806
3267.305,18.81774111313032
3267.787,18.81921189589674
3268.269,18.820714757284986
3268.751,18.822253840766578
3269.233,18.823833136940326
3269.715,18.82545332956099
3270.198,18.827114782245655
3270.68,18.828816654894684
3271.162,18.830557697114113
3271.644,18.832340170320293
3272.126,18.834166702220987
3272.608,18.836039334668257
3273.09,18.837960056038423
3273.572,18.839927794786234
3274.054,18.84194037912311
3274.537,18.843996630057433
3275.019,18.846094953249683
3275.501,18.848233978157296
3275.983,18.850412736857617
3276.465,18.85262897417032
3276.947,18.854880500241435
3277.429,18.85716687899458
3277.911,18.859487852022127
3278.394,18.861843707907102
3278.875,18.864234938211837
3279.358,18.866660133396213
3279.84,18.869117646248434
3280.322,18.871606242668495
3280.804,18.87412462868841
3281.286,18.876673034272162
3281.768,18.87925230597377
3282.25,18.881862318480227
3282.732,18.88450314550204
3283.215,18.887175314228095
3283.697,18.88987903610186
3284.179,18.892615464464235
3284.661,18.89538568670293
3285.143,18.898188558102063
3285.625,18.90102256582563
3286.107,18.903886121181582
3286.589,18.906777349041267
3287.072,18.909696187125334
3287.554,18.912643049369137
3288.036,18.915617222519334
3288.518,18.918618264085353
3289.0,18.921645552542984
3289.482,18.92469791748485
3289.964,18.92777614322142
3290.446,18.930880999931336
3290.928,18.934010479536802
3291.411,18.93716277226534
3291.893,18.94033532694423
3292.375,18.94352550897985
3292.857,18.946735608160076
3293.339,18.94996922218213
3293.821,18.953228196734525
3294.303,18.956514929525476
3294.785,18.959830540989277
3295.268,18.963174857547937
3295.75,18.96655063832694
3296.232,18.969959970498767
3296.714,18.973400562256323
3297.196,18.976869831231173
3297.678,18.98036239333679
3298.16,18.98387221662184
3298.642,18.987399980227035
3299.125,18.990946825750903
3299.607,18.99451302361503
3300.089,18.998099240398393
3300.571,19.001699158563195
3301.053,19.005303921104392
3301.535,19.008909567532715
3302.017,19.012511478229595
3302.499,19.016103300588238
3302.981,19.01968073239912
3303.464,19.023235036399406
3303.946,19.026758475582458
3304.428,19.030255176972215
3304.91,19.03373165104055
3305.392,19.037196186558734
3305.874,19.04065878132552
3306.356,19.044120225015128
3306.838,19.047579692305728
3307.321,19.051040300583907
3307.802,19.05450451747284
3308.285,19.057979286900625
3308.767,19.061474212447745
3309.249,19.06499206508141
3309.731,19.06853585791354
3310.213,19.072114837146202
3310.695,19.075736530500052
3311.177,19.079412020151736
3311.659,19.08315148040875
3312.142,19.086948908798504
3312.624,19.090793983400232
3313.106,19.094677377591758
3313.588,19.098587467031685
3314.07,19.10251958799046
3314.552,19.10647130726786
3315.034,19.11043428815688
3315.516,19.11440069413585
3315.999,19.11836459426527
3316.481,19.122319037150376
3316.963,19.126261948298644
3317.445,19.13019169163618
3317.927,19.13409888147671
3318.409,19.137974362412756
3318.891,19.141808498680135
3319.373,19.145592067288383
3319.855,19.149327106652006
3320.338,19.153019379151978
3320.82,19.156672180057907
3321.302,19.16029035765264
3321.784,19.163877154546004
3322.266,19.16743447760169
3322.748,19.17096806680812
3323.23,19.17448366067538
3323.712,19.177982301945153
3324.195,19.181464265202045
3324.677,19.184929438931643
3325.159,19.188377184919837
3325.641,19.191809755693658
3326.123,19.19523006620072
3326.605,19.198640025174033
3327.087,19.20204131976139
3327.569,19.205434833370266
3328.052,19.208821075009404
3328.534,19.212199752616005
3329.016,19.21557050534959
3329.498,19.2189338462646
3329.98,19.222289797112467
3330.462,19.225639559442232
3330.944,19.2289840751604
3331.426,19.232320450903334
3331.908,19.235645387325004
3332.391,19.238955193416466
3332.873,19.242245555591253
3333.355,19.245516769315802
3333.837,19.248770327203296
3334.319,19.252004324504593
3334.801,19.255217960791214
3335.283,19.258410183674897
3335.765,19.261577971195347
3336.248,19.26472605528795
3336.729,19.267859159105445
3337.212,19.270970491756206
3337.694,19.27405407523627
3338.176,19.277101104154696
3338.658,19.280102373905024
3339.14,19.2830690956232
3339.622,19.28601804709792
3340.104,19.288958082077684
3340.586,19.291900338260433
3341.069,19.29485155731478
3341.551,19.29781297546898
3342.033,19.300798296826375
3342.515,19.303818364369565
3342.997,19.30686393042537
3343.479,19.309924012326455
3343.961,19.31297632200037
3344.443,19.31599563387157
3344.926,19.318985242580716
3345.408,19.321950715059018
3345.89,19.32489318488202
3346.372,19.32781554732969
3346.854,19.33069251878675
3347.336,19.3334882840233
3347.818,19.33618795562657
3348.3,19.33877412256978
3348.782,19.34122082038806
3349.265,19.343510515641437
3349.747,19.345607831865475
3350.229,19.347481576420286
3350.711,19.349150946734788
3351.193,19.35064581079114
3351.675,19.352002418955937
3352.157,19.353264303217287
3352.639,19.35443846771457
3353.122,19.35552528080607
3353.604,19.356541550493677
3354.086,19.35750167617487
3354.568,19.358436460647663
3355.05,19.35938675757379
3355.532,19.360367197204443
3356.014,19.361393298096612
3356.496,19.362504391565597
3356.979,19.363733202815595
3357.461,19.36512647460835
3357.943,19.366727120285002
3358.425,19.368515994789885
3358.907,19.370457762750053
3359.389,19.372518668423613
3359.871,19.374656116182617
3360.353,19.376857168372556
3360.835,19.379116950906244
3361.318,19.381409129075717
3361.8,19.383709237885327
3362.282,19.385993508473312
3362.764,19.38823268882946
3363.246,19.39041801105607
3363.728,19.39254141246416
3364.21,19.394567996548496
3364.692,19.396465587009825
3365.174,19.398195054281004
3365.656,19.399719848949218
3366.139,19.40105205876791
3366.621,19.40221732292504
3367.103,19.40323780018478
3367.585,19.404142411047314
3368.067,19.404939985248483
3368.549,19.405633273646888
3369.031,19.406241614631707
3369.513,19.406783074571795
3369.996,19.407272402879446
3370.478,19.407727503135344
3370.96,19.40815197671114
3371.442,19.408548749768595
3371.924,19.408940485304004
3372.406,19.409348128543986
3372.888,19.409797861659193
3373.37,19.4103138067686
3373.853,19.41088517100587
3374.335,19.411492066173718
3374.817,19.412115129556355
3375.299,19.412730211459014
3375.781,19.413331510387344
3376.263,19.413917639164733
3376.745,19.414475555422406
3377.227,19.414993581218983
3377.709,19.415456861601967
3378.192,19.415846335031244
3378.674,19.41615730004835
3379.156,19.4163851369267
3379.638,19.41650932994137
3380.12,19.41651233398396
3380.602,19.41636971901397
3381.084,19.416059262453867
3381.566,19.41559394134223
3382.049,19.414995742269788
3382.531,19.41428623263182
3383.013,19.413491965760652
3383.495,19.412621029828543
3383.977,19.411676823152096
3384.459,19.410675286022382
3384.941,19.409630950443265
3385.423,19.40855982770365
3385.906,19.407482085554747
3386.387,19.40640340555496
3386.87,19.405329106203677
3387.352,19.404282775944978
3387.834,19.403285741868693
3388.316,19.402364254648486
3388.798,19.401542953382624
3389.28,19.40081163646273
3389.762,19.40015003206831
3390.244,19.399542368793185
3390.727,19.398967966618113
3391.209,19.398417683844823
3391.691,19.397887183212994
3392.173,19.397358910027148
3392.655,19.396816231340694
3393.137,19.39625140233147
3393.619,19.395655859298984
3394.101,19.395029633633175
3394.583,19.394374134912876
3395.066,19.393673376506875
3395.548,19.39291072294161
3396.03,19.392070716379934
3396.512,19.391138258768596
3396.994,19.390118350367132
3397.476,19.38902328760634
3397.958,19.387858582003062
3398.44,19.38663244510756
3398.923,19.385353571091972
3399.405,19.384028108717803
3399.887,19.382669650833197
3400.369,19.381291866463684
3400.851,19.37989468974246
3401.333,19.37847515652249
3401.815,19.37703159780328
3402.297,19.375560785703684
3402.78,19.374065641126727
3403.262,19.372551561186913
3403.744,19.371019123770424
3404.226,19.369469099233328
3404.708,19.367905656152516
3405.19,19.366332743700614
3405.672,19.364755214334476
3406.154,19.363178486621045
3406.636,19.361603107522086
3407.119,19.36002810765721
3407.601,19.358455910450058
3408.083,19.356888029358203
3408.565,19.355324871621832
3409.047,19.35376843369704
3409.529,19.35221516091202
3410.011,19.3506608946047
3410.493,19.3491123700048
3410.976,19.347576711391365
3411.458,19.346058744912508
3411.94,19.344564492829118
3412.422,19.343087804634578
3412.904,19.341616411954323
3413.386,19.34015141320137
3413.868,19.338692210080442
3414.35,19.337225133999873
3414.833,19.33573979137387
3415.314,19.334216125528457
3415.797,19.33263404786496
3416.279,19.331008918436616
3416.761,19.329364129170898
3417.243,19.327726400223092
3417.725,19.32607952353536
3418.207,19.32436030968289
3418.689,19.322890942504912
3419.171,19.321773917323103
3419.654,19.319555577078457
3420.136,19.316643447054346
3420.618,19.319380850491132
3421.1,19.31405471530062
3421.582,19.313554362746284
3422.064,19.31223349124554
3422.546,19.31069738905345
3423.028,19.30890021123842
3423.51,19.307249351659046
3423.993,19.305648185694842
3424.475,19.303896963086025
3424.957,19.302001117289723
3425.439,19.29994397254464
3425.921,19.297677923129157
3426.403,19.295178982591423
3426.885,19.29238613083035
3427.367,19.289246670530886
3427.85,19.28579702022711
3428.332,19.282090130397954
3428.814,19.278197359855863
3429.296,19.274203033270673
3429.778,19.270114877979207
3430.26,19.265928788151346
3430.742,19.26166907012683
3431.224,19.25735484611385
3431.707,19.253050549880093
3432.189,19.248844025939576
3432.671,19.244766724111248
3433.153,19.240853181369417
3433.635,19.237183446384595
3434.117,19.233821630304295
3434.599,19.230865275314635
3435.081,19.22840371477182
3435.563,19.226392244332253
3436.046,19.224752073630363
3436.528,19.223407336643454
3437.01,19.222263029422958
3437.492,19.2212906349167
3437.974,19.22048008144509
3438.456,19.219772867565098
3438.938,19.21911528831293
3439.42,19.218457008876566
3439.903,19.217734962867176
3440.385,19.216934095204973
3440.867,19.216041589405908
3441.349,19.214977962938782
3441.831,19.213668961747327
3442.313,19.212028546227906
3442.795,19.209975060580547
3443.277,19.20753966041799
3443.76,19.204787825044654
3444.241,19.20176518857818
3444.724,19.1985331134862
3445.206,19.19512447646519
3445.688,19.191556825193956
3446.17,19.187890500285306
3446.652,19.18418359359978
3447.134,19.180454399561043
3447.616,19.17671970337574
3448.098,19.172976085440617
3448.581,19.16921493926673
3449.063,19.165479785515462
3449.545,19.1618189616891
3450.027,19.158272827968
3450.509,19.154881509380587
3450.991,19.15163735400164
3451.473,19.148514552581837
3451.955,19.145506303924204
3452.438,19.14259950345574
3452.92,19.139777142627175
3453.402,19.137028374872557
3453.884,19.134323334286094
3454.366,19.131632188237518
3454.848,19.12896191488536
3455.33,19.12632678080394
3455.812,19.12373932379355
3456.294,19.12121600053603
3456.777,19.118753106865164
3457.259,19.1163403667692
3457.741,19.11397931817461
3458.223,19.111670089326513
3458.705,19.109410269504405
3459.187,19.10719948141395
3459.669,19.10502948704342
3460.151,19.102891357432014
3460.634,19.100788447570245
3461.116,19.09872459116158
3461.598,19.096703702909792
3462.08,19.094730176911046
3462.562,19.092794482819663
3463.044,19.09088254158259
3463.526,19.088986688388268
3464.008,19.08709792912644
3464.49,19.085207165027786
3464.973,19.083308290880034
3465.455,19.081389060465742
3465.937,19.079438298518976
3466.419,19.077458525735153
3466.901,19.075455126178014
3467.383,19.073435157559874
3467.865,19.07140767406987
3468.347,19.069372421524736
3468.83,19.06732741822533
3469.312,19.06527494534813
3469.794,19.063216843035658
3470.276,19.061158797296283
3470.758,19.059108797594178
3471.24,19.057069214230445
3471.722,19.055042858273396
3472.204,19.053037273822117
3472.687,19.051058573369716
3473.168,19.049117000090266
3473.651,19.047222021954283
3474.133,19.045369576898697
3474.615,19.04355296085527
3475.097,19.04176438957069
3475.579,19.039994224564406
3476.061,19.038243429134596
3476.543,19.03651525338702
3477.025,19.03480724385672
3477.508,19.033118112013558
3477.99,19.031443314561553
3478.472,19.02977497036554
3478.954,19.028115270217956
3479.436,19.026466373606294
3479.918,19.02481790510204
3480.4,19.023161132876066
3480.882,19.02148389852112
3481.365,19.019774286637002
3481.847,19.018045046769796
3482.329,19.01631625454081
3482.811,19.014600335178383
3483.293,19.012913162786127
3483.775,19.011266364646385
3484.257,19.009666454269933
3484.739,19.008133724152145
3485.221,19.0066869652575
3485.704,19.00532453968002
3486.186,19.004043512305593
3486.668,19.002833588981204
3487.15,19.00168136835193
3487.632,19.00060081931228
3488.114,18.99961011353011
3488.596,18.99871629625942
3489.078,18.997929371126315
3489.561,18.997243194421323
3490.043,18.996640466153224
3490.525,18.996131660451802
3491.007,18.99572507268373
3491.489,18.995396054962416
3491.971,18.99512458254803
3492.453,18.994875475235894
3492.935,18.994612671255
3493.417,18.994370505859187
3493.9,18.994200922871194
3494.382,18.994134497869084
3494.864,18.99420978117252
3495.346,18.994442340091833
3495.828,18.994829670701424
3496.31,18.99540980384084
3496.792,18.99621163046425
3497.274,18.997209791881083
3497.757,18.998376951884566
3498.239,18.999645615643445
3498.721,19.00094018853176
3499.203,19.002276663539433
3499.685,19.003676654476422
3500.167,19.00515207164655
3500.649,19.006720240620652
3501.131,19.00829957519228
3501.614,19.009773247787848
3502.095,19.011091180339346
3502.578,19.012194006476648
3503.06,19.013001146664838
3503.542,19.013460684392925
3504.024,19.013459354512793
3504.506,19.012897797205436
3504.988,19.01183802630775
3505.47,19.010374384764358
3505.952,19.00862651129867
3506.435,19.006737404578992
3506.917,19.00472411764432
3507.399,19.00258210574781
3507.881,19.00035970179712
3508.363,18.998096619660565
3508.845,18.995895958016085
3509.327,18.99389728661856
3509.809,18.99214768617197
3510.292,18.990698089199626
3510.774,18.989681151902705
3511.256,18.9892054695187
3511.738,18.9894305779479
3512.22,18.990503284688046
3512.702,18.99235048122173
3513.184,18.994842040504675
3513.666,18.99785704956495
3514.148,19.00124316713192
3514.631,19.00495147573803
3515.113,19.00896385709639
3515.595,19.01318033184518
3516.077,19.017508512247396
3516.559,19.021872490054427
3517.041,19.02617747106019
3517.523,19.030404312190264
3518.005,19.034539183809567
3518.488,19.038452000691226
3518.97,19.042017232281843
3519.452,19.045100960082728
3519.934,19.04757457636453
3520.416,19.049483254318346
3520.898,19.050931226605115
3521.38,19.051977969497734
3521.862,19.052705890787497
3522.344,19.053184712497128
3522.827,19.05346321028112
3523.309,19.053645557201218
3523.791,19.05383595768419
3524.273,19.054050748289605
3524.755,19.054284972632615
3525.237,19.054541434051462
3525.719,19.054813474433907
3526.201,19.055117968537715
3526.684,19.055482115404107
3527.166,19.055919393427445
3527.648,19.056438512275
3528.13,19.057063394813493
3528.612,19.05782819844968
3529.094,19.05873144391172
3529.576,19.059770962380323
3530.058,19.060994555834863
3530.541,19.06244244505586
3531.022,19.064159908247735
3531.505,19.066192469053146
3531.987,19.068485209320468
3532.469,19.070944513770286
3532.951,19.073531533923635
3533.433,19.076195355447044
3533.915,19.078853479111057
3534.397,19.08144305814243
3534.879,19.083857625396465
3535.362,19.085994616066337
3535.844,19.08789033531132
3536.326,19.089619707120693
3536.808,19.091234669721832
3537.29,19.0928046094887
3537.772,19.09436364653382
3538.254,19.095924673342964
3538.736,19.097546092368056
3539.219,19.09928367174236
3539.701,19.101138054876273
3540.183,19.103099129391815
3540.665,19.105152267766968
3541.147,19.107275724705374
3541.629,19.10947521149975
3542.111,19.11176352078896
3542.593,19.114142871232097
3543.075,19.11661341539138
3543.558,19.11917300432814
3544.04,19.121820294492565
3544.522,19.12454193747852
3545.004,19.127324177294202
3545.486,19.130174539161967
3545.968,19.133097995605894
3546.45,19.136103358484803
3546.932,19.139200402647425
3547.415,19.14235596646624
3547.897,19.145523431638292
3548.379,19.148679199741625
3548.861,19.15179480084
3549.343,19.15484074617597
3549.825,19.15780023983323
3550.307,19.160628044473132
3550.789,19.163285374679532
3551.271,19.165795565063284
3551.754,19.168191902105452
3552.236,19.17052566631543
3552.718,19.172857148397867
3553.2,19.175184317627746
3553.682,19.17749694065763
3554.164,19.179803663966315
3554.646,19.182108815703035
3555.128,19.184461362148745
3555.611,19.18693079202846
3556.093,19.189539704830164
3556.575,19.192314089520252
3557.057,19.195312937726236
3557.539,19.198580475990266
3558.021,19.202191837401337
3558.503,19.206214860233715
3558.985,19.210605281107366
3559.468,19.21529146219853
3559.949,19.220201096404345
3560.432,19.22524591154685
3560.914,19.230398670504695
3561.396,19.235647846263205
3561.878,19.24094177758509
3562.36,19.246233357721405
3562.842,19.2514718354291
3563.324,19.256593667383633
3563.806,19.261579588251173
3564.289,19.26641204785905
3564.771,19.271016489916043
3565.253,19.275324503595034
3565.735,19.27925608458817
3566.217,19.28273581771686
3566.699,19.285791096111417
3567.181,19.28848120032382
3567.663,19.29084814004543
3568.146,19.292948474995633
3568.628,19.29481516789785
3569.11,19.296468290243524
3569.592,19.297964426068614
3570.074,19.299359319958544
3570.556,19.300673889725168
3571.038,19.301926200618233
3571.52,19.303122819272527
3572.002,19.30426598896346
3572.485,19.305393114227932
3572.967,19.306546292323542
3573.449,19.307760129777485
3573.931,19.30906759408261
3574.413,19.31047675571916
3574.895,19.3119854636415
3575.377,19.313594236764327
3575.859,19.3153008274718
3576.342,19.317104392053718
3576.824,19.31900264551253
3577.306,19.32099653182213
3577.788,19.32308513828415
3578.27,19.325256572446687
3578.752,19.327502060028113
3579.234,19.329805138041117
3579.716,19.332145460472542
3580.198,19.334539557342026
3580.681,19.337012024752333
3581.163,19.3395578153446
3581.645,19.342179907292884
3582.127,19.34487664952839
3582.609,19.34762292804699
3583.091,19.35046203008865
3583.573,19.35343936055482
3584.055,19.35647637444218
3584.538,19.359493550980925
3585.02,19.362419380178032
3585.502,19.365172610783343
3585.984,19.36783421166478
3586.466,19.37055549146794
3586.948,19.37336062434327
3587.43,19.376288677956307
3587.912,19.37948373357041
3588.395,19.38305524486176
3588.876,19.387179587713575
3589.359,19.392028303047493
3589.841,19.39747059298426
3590.323,19.403281038945895
3590.805,19.40932182934817
3591.287,19.415419933498374
3591.769,19.42142317127405
3592.251,19.427229583823923
3592.733,19.432637637236876
3593.216,19.437453999617556
3593.698,19.44169422493319
3594.18,19.445432082546148
3594.662,19.44871686381306
3595.144,19.451626836141628
3595.626,19.454198751365066
3596.108,19.456443635639562
3596.59,19.458429581859885
3597.073,19.460233494863505
3597.555,19.461853456634564
3598.037,19.463265175072618
3598.519,19.464501856617847
3599.001,19.46558737722478
3599.483,19.466514606380525
3599.965,19.46730407942101
3600.447,19.46791467510385
3600.929,19.468308089396846
3601.412,19.46862901053849
3601.894,19.46905748624248
3602.376,19.469739751260633
3602.858,19.47084446561223
3603.34,19.47243108596161
3603.822,19.474503371351023
3604.304,19.477188664760536
3604.786,19.480579995377592
3605.269,19.48465245900563
3605.751,19.48939818893982
3606.233,19.49463647310002
3606.715,19.500159999015274
3607.197,19.50609441451033
3607.679,19.512571812110604
3608.161,19.519688513141404
3608.643,19.527554747605063
3609.125,19.535875555185985
3609.608,19.544193250912294
3610.09,19.55232149283332
3610.572,19.56003203321765
3611.054,19.566932554611295
3611.536,19.572722345749295
3612.018,19.576905984586354
3612.5,19.579014163877037
3612.982,19.57923116579342
3613.465,19.57791532407324
3613.947,19.575349681114762
3614.429,19.571906352040504
3614.911,19.567728166861194
3615.393,19.562857834875174
3615.875,19.557582163594542
3616.357,19.552169844750104
3616.839,19.546697847129945
3617.322,19.541243654617084
3617.803,19.535760924789823
3618.286,19.53017558786305
3618.768,19.524698394527668
3619.25,19.519564989032837
3619.732,19.51497088380502
3620.214,19.511113239264255
3620.696,19.50792648212363
3621.178,19.505246064849924
3621.66,19.503021911402843
3622.143,19.501172130817174
3622.625,19.499587061082757
3623.107,19.49819545447731
3623.589,19.496821695081938
3624.071,19.495295647317178
3624.553,19.49367183189145
3625.035,19.492054537092383
3625.517,19.490543935823794
3626.0,19.48926498304751
3626.482,19.488229818654712
3626.964,19.48741933301468
3627.446,19.486867242707042
3627.928,19.486599970508866
3628.41,19.48665834650155
3628.892,19.48708875335
3629.374,19.48789683534784
3629.856,19.48909408930703
3630.339,19.490689955505175
3630.821,19.49267041626566
3631.303,19.495106466464588
3631.785,19.498059530069916
3632.267,19.501461608967297
3632.749,19.50526724688631
3633.231,19.509352494954896
3633.713,19.51355786795664
3634.196,19.518054497237358
3634.678,19.523078452988308
3635.16,19.528632187501206
3635.642,19.534760315586
3636.124,19.541429278135535
3636.606,19.548401820219176
3637.088,19.55589928982471
3637.57,19.5641654162456
3638.052,19.57251321201833
3638.535,19.580204087567843
3639.017,19.586729144073974
3639.499,19.591481784465742
3639.981,19.594808120525812
3640.463,19.597629443824836
3640.945,19.599733179061406
3641.427,19.600974268516534
3641.909,19.602690417819485
3642.392,19.606081140972854
3642.874,19.612523215552795
3643.356,19.623482864439797
3643.838,19.63780943780015
3644.32,19.653299667936064
3644.802,19.669386209440543
3645.284,19.685234570091026
3645.766,19.698792679404107
3646.249,19.708493451581553
3646.73,19.711836149940034
3647.213,19.706335959355094
3647.695,19.69343565033568
3648.177,19.675843868470775
3648.659,19.654895097983562
3649.141,19.63238925659073
3649.623,19.61021156039275
3650.105,19.589558853400373
3650.587,19.57306550351147
3651.07,19.56328352903816
3651.552,19.559327767479836
3652.034,19.559395165997824
3652.516,19.562281225880234
3652.998,19.56635047451275
3653.48,19.570788026005946
3653.962,19.575355132846504
3654.444,19.578630926847662
3654.927,19.579263333532374
3655.409,19.577597259980912
3655.891,19.574335350033905
3656.373,19.57012999626918
3656.855,19.56585359545864
3657.337,19.561647689995393
3657.819,19.55735946339818
3658.301,19.553376369361366
3658.783,19.550056784654195
3659.266,19.547303988857667
3659.748,19.54494961319761
3660.23,19.542814450168727
3660.712,19.54065193053662
3661.194,19.538420729889108
3661.676,19.53618357757193
3662.158,19.53382124408917
3662.64,19.531226227250333
3663.123,19.528549529284316
3663.605,19.525994849916167
3664.087,19.523717404956074
3664.569,19.521909530020437
3665.051,19.52066605842547
3665.533,19.520005011737208
3666.015,19.520106795805617
3666.497,19.52111790894663
3666.979,19.52293174697764
3667.462,19.52541671651687
3667.944,19.528327665543273
3668.426,19.53137739396227
3668.908,19.534605200547265
3669.39,19.53809044391749
3669.872,19.54180999001967
3670.354,19.545765144895988
3670.836,19.549721689421958
3671.319,19.55332202158896
3671.801,19.556478370508042
3672.283,19.559086086933252
3672.765,19.560787053392005
3673.247,19.561286970301293
3673.729,19.560166517691723
3674.211,19.557025783901064
3674.693,19.55209644856772
3675.176,19.54580005651075
3675.657,19.538423849402225
3676.14,19.53033670536583
3676.622,19.5217871877907
3677.104,19.512927412014058
3677.586,19.50413456133565
3678.068,19.495769145503925
3678.55,19.487880959032726
3679.032,19.480462129651603
3679.514,19.473458722951108
3679.997,19.46677455979919
3680.479,19.460511739516967
3680.961,19.45480702329829
3681.443,19.449730524464726
3681.925,19.445343441793092
3682.407,19.44161298037394
3682.889,19.43847297249754
3683.371,19.43586134469739
3683.854,19.4336989377654
3684.336,19.43196107276618
3684.818,19.4306289028888
3685.3,19.42963486767047
3685.782,19.428916895051717
3686.264,19.428378356691965
3686.746,19.427885328767715
3687.228,19.42740500753816
3687.71,19.42690155995187
3688.193,19.42619884132708
3688.675,19.4251371039975
3689.157,19.423522441051883
3689.639,19.421163752783848
3690.121,19.418142179630824
3690.603,19.414625450991366
3691.085,19.410691701524712
3691.567,19.40645762904918
3692.05,19.402018851123223
3692.532,19.397420239918382
3693.014,19.392846043479683
3693.496,19.38847428882733
3693.978,19.384246845238273
3694.46,19.3800784555586
3694.942,19.37586346445207
3695.424,19.37146091062246
3695.906,19.36695967484101
3696.389,19.362511239573866
3696.871,19.35810489343962
3697.353,19.35375760418721
3697.835,19.34949395171655
3698.317,19.34525159369521
3698.799,19.341202186724598
3699.281,19.33753269654054
3699.763,19.3339684206576
3700.246,19.33021020495318
3700.728,19.326048628876652
3701.21,19.321231331165254
3701.692,19.31599148345452
3702.174,19.310821648846606
3702.656,19.3057147558955
3703.138,19.300700537394377
3703.62,19.29638112037443
3704.103,19.29327369797383
3704.584,19.292028303953117
3705.067,19.293314522342058
3705.549,19.29664816217162
3706.031,19.301113096864405
3706.513,19.30638842327292
3706.995,19.312026786302837
3707.477,19.317241246544693
3707.959,19.321449402703177
3708.441,19.323656484624443
3708.924,19.322881052194695
3709.406,19.319574022880914
3709.888,19.314628252793
3710.37,19.308508763955516
3710.852,19.30185078279517
3711.334,19.295225486378417
3711.816,19.28896375707979
3712.298,19.283886510897723
3712.781,19.280788666130988
3713.263,19.279397131086498
3713.745,19.279146868243785
3714.227,19.2796632651659
3714.709,19.280444923740372
3715.191,19.281188917671113
3715.673,19.281759794604646
3716.155,19.281725879763204
3716.637,19.280663674118784
3717.12,19.278676089933025
3717.602,19.276037280358004
3718.084,19.27285353790516
3718.566,19.269294361074667
3719.048,19.265626599384465
3719.53,19.262041643507807
3720.012,19.258843153999624
3720.494,19.256363938846157
3720.977,19.254432183566347
3721.459,19.25266882262418
3721.941,19.251083231131815
3722.423,19.249628217140557
3722.905,19.247913702839526
3723.387,19.245668521531513
3723.869,19.242372596443168
3724.351,19.23750233744475
3724.833,19.231592087863728
3725.316,19.22547703126523
3725.798,19.21961907460694
3726.28,19.214615471447658
3726.762,19.210909141173634
3727.244,19.20870506673415
3727.726,19.20880242201421
3728.208,19.211873204114525
3728.69,19.217632771522666
3729.173,19.225665044948347
3729.655,19.23503913858419
3730.137,19.244773038420835
3730.619,19.254987351319823
3731.101,19.26584784164632
3731.583,19.27789268511794
3732.065,19.291634937724098
3732.547,19.30601637893276
3733.03,19.319797051013953
3733.511,19.331571183662437
3733.994,19.33989695403272
3734.476,19.34510484593939
3734.958,19.347975415134105
3735.44,19.348974039344334
3735.922,19.348734334701962
3736.404,19.347113987190824
3736.886,19.343636349202967
3737.368,19.33846245784818
3737.851,19.331816112838244
3738.333,19.323470307663737
3738.815,19.313281270419807
3739.297,19.301345823129488
3739.779,19.28767551618551
3740.261,19.272883865869577
3740.743,19.258082535344386
3741.225,19.243205333184946
3741.708,19.2282299437711
3742.19,19.214902036588306
3742.672,19.204839593970277
3743.154,19.199843151833807
3743.636,19.201761701551817
3744.118,19.209432657498546
3744.6,19.22052964967893
3745.082,19.23431331213702
3745.564,19.24971156246736
3746.047,19.264680096072073
3746.529,19.277680564963443
3747.011,19.286129664692748
3747.493,19.287451745380874
3747.975,19.282799561019335
3748.457,19.274494179923465
3748.939,19.263633257583326
3749.421,19.251752975934274
3749.904,19.240366058312368
3750.386,19.23034172704621
3750.868,19.22386785471132
3751.35,19.223079524325126
3751.832,19.22704298894175
3752.314,19.233999052460003
3752.796,19.242839925377876
3753.278,19.252078263566915
3753.76,19.2608338140077
3754.243,19.2687846703387
3754.725,19.274473564266803
3755.207,19.276525875101946
3755.689,19.27546340763406
3756.171,19.272213449454366
3756.653,19.26762415967536
3757.135,19.262797672756438
3757.617,19.25795354895664
3758.1,19.25296120989726
3758.582,19.24840871565286
3759.064,19.24480591636247
3759.546,19.242125791972047
3760.028,19.240340825158505
3760.51,19.239069173503278
3760.992,19.237839831055307
3761.474,19.23697388358
3761.957,19.236879382475777
3762.438,19.237808687430103
3762.921,19.2400440371945
3763.403,19.24324564501244
3763.885,19.24682113284611
3764.367,19.250584045560057
3764.849,19.254284078129096
3765.331,19.257461491209586
3765.813,19.25978203236529
3766.295,19.2606113109689
3766.778,19.259347449279026
3767.26,19.25626119503435
3767.742,19.251828820600164
3768.224,19.24647691730866
3768.706,19.240746863692735
3769.188,19.234750437931126
3769.67,19.22845564275505
3770.152,19.222164632424317
3770.635,19.216140588873095
3771.117,19.21052504086084
3771.599,19.205521407244493
3772.081,19.201044603537035
3772.563,19.196979698866805
3773.045,19.193705397612717
3773.527,19.191604837536843
3774.009,19.19104633433077
3774.491,19.19239889933076
3774.974,19.195406974734833
3775.456,19.199582668536017
3775.938,19.20471007252801
3776.42,19.210500276617402
3776.902,19.21656870764304
3777.384,19.22262642751038
3777.866,19.228162967491254
3778.348,19.23267664421121
3778.831,19.23625379384942
3779.313,19.239144922594996
3779.795,19.241491474984212
3780.277,19.24350653187761
3780.759,19.245288518253897
3781.241,19.246849612905223
3781.723,19.248378353278675
3782.205,19.250065910164494
3782.688,19.25184089146778
3783.17,19.253565034533967
3783.652,19.255175119809554
3784.134,19.25657881995404
3784.616,19.25770235250186
3785.098,19.25852839521063
3785.58,19.25894443195143
3786.062,19.258841811200416
3786.544,19.258357108154765
3787.027,19.257695586787726
3787.509,19.256981958633116
3787.991,19.256373469185572
3788.473,19.25600172326222
3788.955,19.25593906094019
3789.437,19.256389276958092
3789.919,19.25753821675012
3790.401,19.25931036493192
3790.884,19.261586163831804
3791.365,19.26421509121727
3791.848,19.26700608335626
3792.33,19.269984283762767
3792.812,19.27322506979698
3793.294,19.276671561473254
3793.776,19.280288058150663
3794.258,19.28400555495578
3794.74,19.28768514135865
3795.222,19.29138209971686
3795.705,19.29515556610146
3796.187,19.298759709744136
3796.669,19.301956471640153
3797.151,19.304500057517505
3797.633,19.306130934909405
3798.115,19.307033059077465
3798.597,19.30756105457554
3799.079,19.30780917853811
3799.562,19.307923652270823
3800.044,19.308199564917686
3800.526,19.30884303972347
3801.008,19.310269189009215
3801.49,19.312886361586582
3801.972,19.316461664106043
3802.454,19.32060288653919
3802.936,19.32505199514016
3803.418,19.32946599359909
3803.901,19.333722155159688
3804.383,19.33783768464651
3804.865,19.341492367149666
3805.347,19.34440831595685
3805.829,19.346707098931024
3806.311,19.348510000877464
3806.793,19.350153520050686
3807.275,19.352042484603903
3807.758,19.353921143800193
3808.24,19.355439086291025
3808.722,19.356497490097762
3809.204,19.35693667868269
3809.686,19.357002855801124
3810.168,19.357228134382762
3810.65,19.357519785433134
3811.132,19.3578055924519
3811.615,19.358836520506056
3812.097,19.36129459285806
3812.579,19.365958487144322
3813.061,19.3736378742917
3813.543,19.38373485315077
3814.025,19.395107306636785
3814.507,19.40738619240125
3814.989,19.42005235972605
3815.471,19.432099639259953
3815.954,19.442768591606548
3816.436,19.450807215853903
3816.918,19.454975509931085
3817.4,19.455856913545198
3817.882,19.45460982566332
3818.364,19.451810627920498
3818.846,19.44825313164993
3819.328,19.44471127623348
3819.811,19.441652240432155
3820.292,19.44017757959696
3820.775,19.441364508718767
3821.257,19.444834696550878
3821.739,19.44981377380526
3822.221,19.455834671637472
3822.703,19.46225053705879
3823.185,19.46867855061875
3823.667,19.474989793644827
3824.149,19.480542799356748
3824.632,19.484722789009595
3825.114,19.48779477540532
3825.596,19.490228756037595
3826.078,19.49238881913679
3826.56,19.49474890976374
3827.042,19.49748783491148
3827.524,19.50061808732391
3828.006,19.504466619881164
3828.489,19.509325589676926
3828.971,19.515082304982197
3829.453,19.521546042533085
3829.935,19.528474456999472
3830.417,19.535569845898603
3830.899,19.542771415776397
3831.381,19.55007469198775
3831.863,19.55738657681152
3832.345,19.564624186240795
3832.828,19.57165748793297
3833.31,19.578353521747257
3833.792,19.584623436523582
3834.274,19.59036749474144
3834.756,19.5955710538215
3835.238,19.60026490636387
3835.72,19.604321023616198
3836.202,19.607649909857354
3836.685,19.61028534919568
3837.167,19.612182474762758
3837.649,19.61358419235791
3838.131,19.61477156908069
3838.613,19.615360335264945
3839.095,19.61492202098974
3839.577,19.61321546540575
3840.059,19.60992923692014
3840.542,19.6054027244651
3841.024,19.600356680486918
3841.506,19.594706795481667
3841.988,19.588431259566672
3842.47,19.582472360604285
3842.952,19.5776280944088
3843.434,19.574997734234923
3843.916,19.575735387724627
3844.398,19.578967196005898
3844.881,19.58319024398692
3845.363,19.587894346125555
3845.845,19.59226293257434
3846.327,19.595467852069877
3846.809,19.597144744853836
3847.291,19.5954103542974
3847.773,19.588720573029313
3848.255,19.577975574078785
3848.738,19.56435556815104
3849.219,19.55073757687238
3849.702,19.539876495999977
3850.184,19.53129861710029
3850.666,19.52449223542262
3851.148,19.51657482561414
3851.63,19.504855782186688
3852.112,19.49242339647109
3852.594,19.48255229476112
3853.076,19.48072126952698
3853.559,19.492279244557537
3854.041,19.51357463384212
3854.523,19.53939435191018
3855.005,19.56409371304806
3855.487,19.581595625723192
3855.969,19.59344611411603
3856.451,19.60305869069408
3856.933,19.612550838675592
3857.416,19.624471602385746
3857.898,19.63772263285557
3858.38,19.650120424646275
3858.862,19.660871490378447
3859.344,19.66909972630025
3859.826,19.675063343591024
3860.308,19.679563099944538
3860.79,19.682701742974515
3861.272,19.68465070040851
3861.755,19.68567729716448
3862.237,19.685932539795072
3862.719,19.685899262552525
3863.201,19.68606353610661
3863.683,19.68642456824851
3864.165,19.68691838560896
3864.647,19.6873981869307
3865.129,19.687668614860925
3865.612,19.687952041562305
3866.094,19.688534014418174
3866.576,19.689599186127964
3867.058,19.691338111661338
3867.54,19.69364476833062
3868.022,19.69629106015617
3868.504,19.69920673210824
3868.986,19.70228735036451
3869.469,19.705363718793805
3869.951,19.70831123645401
3870.433,19.71088232501089
3870.915,19.712833351772833
3871.397,19.71422253188244
3871.879,19.71517608424929
3872.361,19.715793445246973
3872.843,19.71621249153534
3873.325,19.71642909924915
3873.808,19.71638586892269
3874.29,19.71614888819994
3874.772,19.715774898826556
3875.254,19.715251303685875
3875.736,19.714585728046114
3876.218,19.713710133850835
3876.7,19.71254336687589
3877.182,19.711196154299202
3877.665,19.709804591275073
3878.146,19.708444055200175
3878.629,19.707208495043062
3879.111,19.706062103074846
3879.593,19.704883217562713
3880.075,19.703728611516812
3880.557,19.702647765199075
3881.039,19.701453747686223
3881.521,19.699977524131306
3882.003,19.698027288537418
3882.486,19.695395588266997
3882.968,19.692270892971287
3883.45,19.688999342836055
3883.932,19.68567316838136
3884.414,19.682425668794178
3884.896,19.679570195523674
3885.378,19.67734091714524
3885.86,19.67613167016891
3886.343,19.676331486633195
3886.825,19.67770902745916
3887.307,19.67984786227079
3887.789,19.682521386121227
3888.271,19.6854243307757
3888.753,19.688314608357338
3889.235,19.691069838807337
3889.717,19.693293120158092
3890.199,19.694610520188593
3890.682,19.695154719069144
3891.164,19.695148919017615
3891.646,19.694837089572573
3892.128,19.69453485371324
3892.61,19.69420291227393
3893.092,19.6937009600532
3893.574,19.693127884952432
3894.056,19.69254779897657
3894.539,19.69199865377454
3895.021,19.691606432604797
3895.503,19.6912225482958
3895.985,19.69068094756393
3896.467,19.69030040877103
3896.949,19.690411280583472
3897.431,19.6913019096795
3897.913,19.693288123956176
3898.396,19.69610360628805
3898.878,19.699228791622293
3899.36,19.70255994089747
3899.842,19.7059363844006
3900.324,19.708851484272188
3900.806,19.710903693143415
3901.288,19.711482242369538
3901.77,19.709977167832683
3902.252,19.706736774063362
3902.735,19.702420204324607
3903.217,19.697343531500536
3903.699,19.691934851782364
3904.181,19.6866484815788
3904.663,19.681771242270106
3905.145,19.677939914314464
3905.627,19.67577105192913
3906.109,19.675041195790087
3906.592,19.675303120971368
3907.073,19.67625393434546
3907.556,19.67748547691146
3908.038,19.678794309587342
3908.52,19.680117661774272
3909.002,19.68110395513022
3909.484,19.68141880544764
3909.966,19.681135853437745
3910.448,19.680413390741222
3910.93,19.679402542606407
3911.413,19.678307929815322
3911.895,19.677151615811052
3912.377,19.675885350253743
3912.859,19.67459154172785
3913.341,19.673346016820556
3913.823,19.672125092812863
3914.305,19.670892389393597
3914.787,19.669604554287584
3915.27,19.668203614833992
3915.752,19.666685671147874
3916.234,19.665071330824524
3916.716,19.663339991502863
3917.198,19.661475115666672
3917.68,19.659512139873883
3918.162,19.65749556244535
3918.644,19.655466365450966
3919.126,19.65347352509228
3919.609,19.651537474083085
3920.091,19.649663359034346
3920.573,19.647889012229836
3921.055,19.646243900792147
3921.537,19.64471907954211
3922.019,19.643304520930304
3922.501,19.641955149105254
3922.983,19.64061979600749
3923.466,19.63931661366993
3923.948,19.63806543027785
3924.43,19.636885104278644
3924.912,19.635797681729837
3925.394,19.634737829505557
3925.876,19.63361424803105
3926.358,19.632382038460992
3926.84,19.630985588225364
3927.323,19.62937769627472
3927.805,19.627538797181312
3928.287,19.625380034896875
3928.769,19.622826588743177
3929.251,19.619927765832056
3929.733,19.61674132081203
3930.215,19.613382572773343
3930.697,19.609987220170503
3931.179,19.606509272728164
3931.662,19.602879652395995
3932.144,19.599093417266655
3932.626,19.595129062185503
3933.108,19.591093544573994
3933.59,19.58717206549968
3934.072,19.58337382373614
3934.554,19.579716507849056
3935.036,19.57641828295623
3935.519,19.573665849011626
3936.0,19.571704389652414
3936.483,19.570777024630473
3936.965,19.57071269407474
3937.447,19.571202128395136
3937.929,19.57208814377975
3938.411,19.57316408829741
3938.893,19.574211075596846
3939.375,19.575081987617263
3939.857,19.575471888507202
3940.34,19.575087233472864
3940.822,19.57399749212777
3941.304,19.572363468502907
3941.786,19.57030836305449
3942.268,19.56800250198053
3942.75,19.56549157409561
3943.232,19.562764833023436
3943.714,19.55993290867891
3944.197,19.557101638469593
3944.679,19.554267266649855
3945.161,19.551413914594875
3945.643,19.548507767704624
3946.125,19.54550034154541
3946.607,19.542427070138885
3947.089,19.539345723913584
3947.571,19.53627528785774
3948.053,19.533237673113806
3948.536,19.530251875412723
3949.018,19.52732589317282
3949.5,19.524485604047058
3949.982,19.521757592785466
3950.464,19.519133661640485
3950.946,19.516598653650302
3951.428,19.514148759933043
3951.91,19.511772851126217
3952.393,19.509471880234713
3952.875,19.50725894057886
3953.357,19.505106560179215
3953.839,19.502986173160945
3954.321,19.500923776071307
3954.803,19.498940702796233
3955.285,19.49706480175627
3955.767,19.49532633328246
3956.25,19.49366195698206
3956.732,19.49197601104432
3957.214,19.490223973840273
3957.696,19.488351460422685
3958.178,19.48628857384509
3958.66,19.483988194720048
3959.142,19.481355585590947
3959.624,19.478304463710717
3960.106,19.474876653793075
3960.589,19.471143547449294
3961.071,19.46718078683326
3961.553,19.463081973228714
3962.035,19.458867915595015
3962.517,19.454541362356473
3962.999,19.450147788420942
3963.481,19.44572790867556
3963.963,19.441331092672776
3964.446,19.437020144701233
3964.927,19.432813125814686
3965.41,19.42872730430135
3965.892,19.42483008881106
3966.374,19.42118105536104
3966.856,19.41785824748645
3967.338,19.414933552698532
3967.82,19.412376362575795
3968.302,19.410129104014036
3968.784,19.408136790361823
3969.267,19.406330009717202
3969.749,19.40468975706628
3970.231,19.403210039614013
3970.713,19.401849672576944
3971.195,19.400570860950506
3971.677,19.39933286710846
3972.159,19.398084338213426
3972.641,19.396811530121088
3973.124,19.39550141756475
3973.606,19.394094389298072
3974.088,19.392536922336696
3974.57,19.39076050238054
3975.052,19.388701510761358
3975.534,19.386387524069704
3976.016,19.38387072415352
3976.498,19.381197635905178
3976.98,19.3784275707156
3977.463,19.375579125157863
3977.945,19.372658618381188
3978.427,19.369705544430346
3978.909,19.366756369739306
3979.391,19.363840896703632
3979.873,19.36099637167503
3980.355,19.358228983794543
3980.837,19.355542906480665
3981.32,19.352988624103894
3981.802,19.350614107203572
3982.284,19.34847282863123
3982.766,19.346615302010065
3983.248,19.34501914113929
3983.73,19.343638555267262
3984.212,19.342441421332335
3984.694,19.341386067648436
3985.177,19.34044448116977
3985.659,19.339597159525184
3986.141,19.338803003108023
3986.623,19.33802151765829
3987.105,19.337235524589182
3987.587,19.33643295538047
3988.069,19.33560524412803
3988.551,19.33474652347856
3989.033,19.33384244325877
3989.516,19.332878453872585
3989.998,19.331837323777297
3990.48,19.3307059228824
3990.962,19.329481889849447
3991.444,19.328161016953363
3991.926,19.32676020847873
3992.408,19.325299495868798
3992.89,19.323758849940777
3993.373,19.322119133662135
3993.854,19.32036561965901
3994.337,19.31848225679473
3994.819,19.316508919258958
3995.301,19.31450904360227
3995.783,19.312507423174225
3996.265,19.310534965500622
3996.747,19.308650659788384
3997.229,19.30690150187451
3997.711,19.30536015300125
3998.194,19.304096478138934
3998.676,19.30308494372647
3999.158,19.30227267915917
3999.64,19.301624247905504
